Street,Area,Dorms,Baths,Parking Slots,Condominio,IPTU,Price
Barão de Icaraí,160.0,2,3,2,1200.0,433.0,1800000.0
Barão de Icaraí,100.0,2,1,2,950.0,280.0,1050000.0
Barão de Icaraí,78.0,2,2,1,790.0,2202.0,949999.0
Barão de Icaraí,102.0,3,2,1,1100.0,214.0,973000.0
Barão de Icaraí,130.0,3,2,1,1650.0,295.0,1150000.0
Barão de Icaraí,78.0,2,4,1,796.0,1920.0,1000000.0
Barão de Icaraí,165.0,3,3,1,2000.0,350.0,1680000.0
Barão de Icaraí,78.0,2,2,1,760.0,1920.0,990000.0
Barão de Icaraí,85.0,2,3,1,796.0,192.0,1110000.0
Barão de Icaraí,130.0,3,3,1,1988.0,252.0,1090000.0
Barão de Icaraí,70.0,2,2,0,750.0,1400.0,700000.0
Barão de Icaraí,80.0,2,3,1,790.0,2000.0,950000.0
Barão de Icaraí,80.0,2,3,1,760.0,2370.0,930000.0
Barão de Icaraí,78.0,2,2,1,790.0,2310.0,990000.0
Barão de Icaraí,175.0,3,4,1,1900.0,4200.0,1550000.0
Barão de Icaraí,90.0,2,2,0,1195.0,201.0,820000.0
Barão de Icaraí,80.0,2,3,1,760.0,237.0,950000.0
Barão de Icaraí,94.0,2,3,1,1230.0,2200.0,900000.0
Barão de Icaraí,86.0,2,1,1,700.0,1920.0,1200000.0
Barão de Icaraí,100.0,3,2,1,1100.0,2301.0,980000.0
Barão de Icaraí,150.0,3,2,2,2500.0,4450.0,1450000.0
Barão de Icaraí,150.0,3,3,1,2520.0,4231.0,1350000.0
Barão de Icaraí,102.0,3,2,1,1100.0,2301.0,980000.0
Barão de Icaraí,175.0,3,3,1,2100.0,4200.0,1680000.0
Barão de Icaraí,167.0,3,2,1,1700.0,3450.0,1600000.0
Barão de Icaraí,175.0,3,4,1,1900.0,4206.0,1680000.0
Barão de Icaraí,175.0,3,4,1,1750.0,4680.0,1850000.0
Barão de Icaraí,70.0,2,2,1,750.0,1450.0,700000.0
Barão de Icaraí,116.0,3,3,2,1400.0,3257.0,1300000.0
Barão de Icaraí,150.0,3,1,2,2300.0,4444.0,1700000.0
Barão de Icaraí,170.0,3,4,1,1632.0,,1650000.0
Barão de Icaraí,114.0,3,2,2,2000.0,2471.0,1495000.0
Barão de Icaraí,175.0,3,4,1,1700.0,421.0,1680000.0
Barão de Icaraí,102.0,3,2,1,1200.0,2301.0,1200000.0
Barão de Icaraí,78.0,2,1,1,680.0,2368.0,1100000.0
Barão de Icaraí,70.0,2,11,0,650.0,,750000.0
Barão de Icaraí,167.0,3,3,1,1700.0,350.0,1680000.0
Barão de Icaraí,175.0,3,3,1,1700.0,4371.0,1680000.0
Barão de Icaraí,150.0,3,3,1,2260.0,3909.0,1250000.0
Barão de Icaraí,130.0,3,3,1,2000.0,2653.0,1350000.0
Barão de Icaraí,100.0,3,2,1,1100.0,2140.0,980000.0
Barão de Icaraí,190.0,3,4,1,1700.0,3450.0,1680000.0
Barão de Icaraí,150.0,3,3,1,2250.0,,1350000.0
Barão de Icaraí,167.0,3,3,1,1750.0,4680.0,1650000.0
Barão de Icaraí,175.0,3,2,1,1780.0,4260.0,1680000.0
Barão de Icaraí,150.0,3,3,1,2315.0,,1340000.0
Barão de Icaraí,150.0,3,3,2,2450.0,4444.0,1500000.0
Barão de Icaraí,157.0,3,2,2,2325.0,4440.0,1550000.0
Barão de Icaraí,150.0,3,2,1,2319.0,4444.0,1350000.0
Barão de Icaraí,150.0,3,3,2,2300.0,4000.0,1500000.0
Barão de Icaraí,150.0,3,3,1,2450.0,4013.0,1350000.0
Barão de Icaraí,65.0,2,2,0,641.0,900.0,850000.0
Barão de Icaraí,80.0,2,3,1,760.0,2844.0,980000.0
Barão de Icaraí,102.0,3,1,1,1100.0,2140.0,980000.0
Barão de Icaraí,157.0,3,3,0,2355.0,3990.0,1250000.0
Cruz Lima,210.0,3,2,0,1972.0,5000.0,870000.0
Cruz Lima,79.0,2,3,1,1000.0,214.0,890000.0
Cruz Lima,75.0,2,2,1,1000.0,,898000.0
Cruz Lima,79.0,2,3,1,1000.0,2148.0,890000.0
Cruz Lima,79.0,2,2,0,1000.0,214.0,890000.0
Cruz Lima,140.0,4,4,1,1988.0,403.0,1700000.0
Cruz Lima,150.0,4,4,1,1500.0,402.0,1580000.0
Cruz Lima,153.0,3,3,1,1529.0,,1490000.0
Cruz Lima,153.0,4,3,1,1528.0,350.0,1450000.0
Cruz Lima,210.0,3,2,0,1972.0,5000.0,1750000.0
Cruz Lima,94.0,3,2,1,1390.0,227.0,890000.0
Cruz Lima,94.0,3,3,1,1390.0,233.0,890000.0
Cruz Lima,115.0,3,3,1,1359.0,277.0,1170000.0
Cruz Lima,115.0,3,2,1,1490.0,2500.0,1230000.0
Cruz Lima,104.0,3,2,1,1467.0,255.0,1050000.0
Cruz Lima,150.0,4,4,1,1900.0,354.0,1690000.0
Cruz Lima,210.0,3,4,0,1950.0,5150.0,1800000.0
Cruz Lima,180.0,3,2,0,1972.0,388.0,1100000.0
Cruz Lima,135.0,3,2,1,1450.0,,1150000.0
Cruz Lima,200.0,4,4,1,2045.0,4586.0,2000000.0
Cruz Lima,145.0,4,3,1,1988.0,402.0,1680000.0
Cruz Lima,80.0,2,2,0,1100.0,168.0,900000.0
Cruz Lima,60.0,2,1,1,2000.0,2500.0,630000.0
Cruz Lima,52.0,1,1,1,1667.0,2368.0,500000.0
Cruz Lima,220.0,4,4,1,2100.0,4800.0,2240000.0
Cruz Lima,150.0,4,2,1,1555.0,2890.0,1675000.0
Cruz Lima,180.0,3,2,0,1972.0,4483.0,1100000.0
Cruz Lima,62.0,2,2,1,1340.0,1547.0,880000.0
Cruz Lima,138.0,3,2,1,1734.0,2600.0,1150000.0
Cruz Lima,180.0,3,3,0,1970.0,4314.0,1100000.0
Cruz Lima,200.0,4,5,1,1900.0,4930.0,2000000.0
Cruz Lima,153.0,3,3,1,1528.0,3430.0,1490000.0
Cruz Lima,180.0,3,2,0,1865.0,448.0,1100000.0
Cruz Lima,70.0,2,3,1,980.0,1500.0,920000.0
Cruz Lima,138.0,3,2,1,1700.0,3111.0,1250000.0
Cruz Lima,65.0,2,1,1,2055.0,,630000.0
Cruz Lima,180.0,3,3,0,1800.0,4400.0,1100000.0
Cruz Lima,115.0,3,3,1,1340.0,2660.0,1300000.0
Cruz Lima,51.0,1,1,1,1650.0,2547.0,630000.0
Cruz Lima,145.0,4,3,1,1500.0,350.0,1790000.0
Cruz Lima,138.0,3,2,1,1700.0,2013.0,1150000.0
Cruz Lima,130.0,2,3,1,1700.0,180.0,1500000.0
Cruz Lima,64.0,2,1,1,2055.0,224.0,600000.0
Cruz Lima,117.0,3,3,1,1320.0,2321.0,1300000.0
Cruz Lima,145.0,4,3,1,1960.0,4000.0,1890000.0
Cruz Lima,115.0,3,3,1,1350.0,2769.0,1300000.0
Cruz Lima,64.0,1,1,1,2158.0,1500.0,900000.0
Cruz Lima,52.0,1,2,1,1650.0,233.0,610000.0
Cruz Lima,52.0,1,1,1,1667.0,2368.0,680000.0
Cruz Lima,64.0,2,1,1,2228.0,281.0,600000.0
Cruz Lima,64.0,1,1,1,2160.0,282.0,899000.0
Cruz Lima,64.0,2,1,1,2059.0,308.0,630000.0
Cruz Lima,64.0,2,1,1,2157.0,2621.0,780000.0
Fernando Osório,60.0,2,1,0,498.0,100.0,630000.0
Fernando Osório,55.0,2,1,0,480.0,652.0,690000.0
Fernando Osório,98.0,3,3,1,1520.0,180.0,850000.0
Fernando Osório,57.0,1,2,0,657.0,971.0,650000.0
Fernando Osório,70.0,2,2,0,928.0,120.0,750000.0
Fernando Osório,50.0,2,1,0,500.0,927.0,650000.0
Fernando Osório,57.0,1,1,0,657.0,626.0,650000.0
Fernando Osório,56.0,2,1,0,483.0,549.0,650000.0
Fernando Osório,80.0,2,3,1,1200.0,1789.0,920000.0
Fernando Osório,90.0,2,3,1,1200.0,1497.0,950000.0
Fernando Osório,77.0,2,2,1,1300.0,150.0,970000.0
Fernando Osório,57.0,1,1,0,657.0,626.0,680000.0
Fernando Osório,50.0,2,1,0,500.0,998.0,650000.0
Fernando Osório,77.0,2,2,1,1200.0,1094.0,980000.0
Fernando Osório,84.0,2,3,1,1200.0,1497.0,895000.0
Fernando Osório,81.0,2,3,1,1200.0,170.0,930000.0
Fernando Osório,80.0,2,2,1,1200.0,1000.0,930000.0
Fernando Osório,100.0,3,3,1,1725.0,,1100000.0
Fernando Osório,84.0,2,3,1,1200.0,1490.0,890000.0
Fernando Osório,80.0,2,3,1,1230.0,2278.0,930000.0
Fernando Osório,55.0,2,1,0,480.0,652.0,700000.0
Fernando Osório,98.0,3,2,1,1520.0,180.0,748000.0
Fernando Osório,80.0,2,3,1,1300.0,2200.0,940000.0
Fernando Osório,77.0,2,3,1,1400.0,1830.0,930000.0
Fernando Osório,57.0,1,1,0,670.0,626.0,680000.0
Fernando Osório,99.0,3,1,1,1700.0,,850000.0
Fernando Osório,99.0,3,3,1,1562.0,141.0,878000.0
Fernando Osório,50.0,2,1,0,483.0,902.0,650000.0
Fernando Osório,98.0,3,2,1,1520.0,180.0,850000.0
Fernando Osório,80.0,2,2,1,1462.0,2200.0,930000.0
Fernando Osório,100.0,3,3,1,1780.0,1800.0,860000.0
Fernando Osório,99.0,3,3,1,1900.0,2078.0,850000.0
Fernando Osório,100.0,3,2,1,1800.0,122.0,740000.0
Fernando Osório,99.0,3,1,1,1800.0,1998.0,768000.0
Honório de Barros,60.0,1,1,0,750.0,230.0,629000.0
Honório de Barros,130.0,3,2,1,1300.0,2994.0,1200000.0
Honório de Barros,70.0,2,2,0,800.0,,595000.0
Honório de Barros,62.0,2,2,0,853.0,1582.0,630000.0
Honório de Barros,68.0,2,2,0,870.0,1116.0,680000.0
Honório de Barros,74.0,2,3,1,900.0,157.0,950000.0
Honório de Barros,74.0,2,3,1,852.0,160.0,950000.0
Honório de Barros,130.0,3,4,1,1100.0,2820.0,1200000.0
Honório de Barros,68.0,2,1,0,870.0,1160.0,680000.0
Honório de Barros,75.0,2,2,0,870.0,1000.0,680000.0
Honório de Barros,134.0,3,2,1,1700.0,307.0,1100000.0
Honório de Barros,130.0,3,2,1,1100.0,2820.0,1200000.0
Honório de Barros,74.0,2,2,1,750.0,1160.0,950000.0
Honório de Barros,70.0,2,2,0,870.0,1200.0,680000.0
Honório de Barros,130.0,3,3,1,980.0,2994.0,1200000.0
Honório de Barros,130.0,3,3,1,900.0,282.0,1200000.0
Honório de Barros,48.0,2,1,0,638.0,930.0,630000.0
Honório de Barros,82.0,2,1,1,995.0,177.0,800000.0
Honório de Barros,68.0,2,2,0,870.0,769.0,680000.0
Honório de Barros,70.0,2,2,0,870.0,1247.0,680000.0
Honório de Barros,130.0,3,1,1,1300.0,300.0,1200000.0
Honório de Barros,91.0,3,1,0,650.0,2120.0,950000.0
Honório de Barros,130.0,3,3,1,1100.0,299.0,1300000.0
Honório de Barros,134.0,3,3,1,1960.0,307.0,1100000.0
Honório de Barros,82.0,2,2,0,800.0,1344.0,730000.0
Honório de Barros,130.0,3,1,1,980.0,2820.0,1200000.0
Honório de Barros,100.0,3,4,0,1000.0,1800.0,1100000.0
Honório de Barros,134.0,3,4,1,1920.0,307.0,1100000.0
Honório de Barros,134.0,3,2,1,1960.0,,1100000.0
Honório de Barros,68.0,2,1,0,870.0,1247.0,680000.0
Honório de Barros,48.0,1,1,0,870.0,100.0,620000.0
Honório de Barros,130.0,3,3,1,1075.0,2800.0,1200000.0
Honório de Barros,68.0,2,1,0,1100.0,1200.0,680000.0
Honório de Barros,134.0,3,2,1,1330.0,,1200000.0
Honório de Barros,134.0,3,3,1,1700.0,370.0,1100000.0
Honório de Barros,134.0,3,3,1,1960.0,3070.0,1100000.0
Honório de Barros,97.0,3,3,0,880.0,2258.0,1100000.0
Honório de Barros,134.0,3,3,1,1700.0,3684.0,1100000.0
Honório de Barros,50.0,1,1,1,780.0,82.0,590000.0
Marquês de Abrantes,84.0,2,1,0,800.0,1773.0,780000.0
Marquês de Abrantes,65.0,2,2,0,800.0,1500.0,650000.0
Marquês de Abrantes,40.0,1,1,0,518.0,558.0,470000.0
Marquês de Abrantes,75.0,2,2,1,850.0,1720.0,690000.0
Marquês de Abrantes,78.0,2,2,0,867.0,1700.0,799000.0
Marquês de Abrantes,79.0,2,3,1,827.0,164.0,930000.0
Marquês de Abrantes,84.0,2,3,0,800.0,2200.0,795000.0
Marquês de Abrantes,76.0,2,2,0,680.0,1714.0,620000.0
Marquês de Abrantes,58.0,2,1,0,673.0,115.0,585000.0
Marquês de Abrantes,48.0,1,1,0,596.0,1080.0,550000.0
Marquês de Abrantes,79.0,2,2,0,867.0,1766.0,860000.0
Marquês de Abrantes,68.0,3,3,1,800.0,2000.0,865000.0
Marquês de Abrantes,76.0,2,1,0,897.0,1756.0,645000.0
Marquês de Abrantes,80.0,3,2,0,770.0,130.0,650000.0
Marquês de Abrantes,74.0,2,2,1,780.0,1770.0,690000.0
Marquês de Abrantes,80.0,2,2,1,830.0,176.0,695000.0
Marquês de Abrantes,77.0,2,1,0,680.0,1714.0,650000.0
Marquês de Abrantes,38.0,1,1,0,850.0,742.0,440000.0
Marquês de Abrantes,76.0,2,2,0,888.0,175.0,850000.0
Marquês de Abrantes,48.0,1,1,0,570.0,1047.0,500000.0
Marquês de Abrantes,80.0,2,2,1,750.0,120.0,697000.0
Marquês de Abrantes,70.0,2,1,0,680.0,1120.0,670000.0
Marquês de Abrantes,37.0,1,1,0,502.0,680.0,485000.0
Marquês de Abrantes,68.0,2,2,0,658.0,695.0,550000.0
Marquês de Abrantes,85.0,2,1,0,860.0,2000.0,830000.0
Marquês de Abrantes,78.0,2,2,0,867.0,1700.0,830000.0
Marquês de Abrantes,74.0,2,2,1,651.0,165.0,700000.0
Marquês de Abrantes,80.0,2,2,1,775.0,1619.0,700000.0
Marquês de Abrantes,40.0,1,1,0,858.0,332.0,390000.0
Marquês de Abrantes,80.0,2,3,1,811.0,1311.0,930000.0
Marquês de Abrantes,80.0,2,3,1,886.0,2091.0,720000.0
Marquês de Abrantes,81.0,2,3,1,805.0,2455.0,900000.0
Marquês de Abrantes,80.0,2,2,1,850.0,200.0,795000.0
Marquês de Abrantes,65.0,2,2,1,800.0,2059.0,730000.0
Marquês de Abrantes,35.0,1,1,0,450.0,200.0,350000.0
Marquês de Abrantes,83.0,2,2,0,850.0,1598.0,750000.0
Marquês de Abrantes,48.0,1,1,0,600.0,1200.0,575000.0
Marquês de Abrantes,36.0,1,1,0,650.0,744.0,470000.0
Marquês de Abrantes,85.0,2,2,0,860.0,1700.0,798000.0
Marquês de Abrantes,38.0,1,1,0,723.0,728.0,380000.0
Marquês de Abrantes,80.0,2,2,1,1024.0,,750000.0
Marquês de Abrantes,76.0,2,2,1,850.0,172.0,690000.0
Marquês de Abrantes,79.0,2,3,1,780.0,1252.0,770000.0
Marquês de Abrantes,75.0,2,2,1,850.0,1727.0,700000.0
Marquês de Abrantes,78.0,2,2,0,867.0,1766.0,799000.0
Marquês de Abrantes,80.0,2,3,1,750.0,1311.0,930000.0
Marquês de Abrantes,40.0,1,2,0,700.0,773.0,580000.0
Marquês de Abrantes,70.0,3,2,0,900.0,180.0,910000.0
Marquês de Abrantes,40.0,1,1,0,720.0,,390000.0
Marquês de Abrantes,45.0,1,1,0,600.0,1500.0,580000.0
Marquês de Abrantes,76.0,2,1,0,888.0,175.0,850000.0
Marquês de Abrantes,79.0,2,3,1,820.0,1445.0,895000.0
Marquês de Abrantes,78.0,2,2,0,876.0,1766.0,830000.0
Marquês de Abrantes,85.0,2,2,0,867.0,170.0,799000.0
Marquês de Abrantes,81.0,2,2,2,1113.0,168.0,820000.0
Marquês de Abrantes,83.0,2,3,1,827.0,1640.0,895000.0
Marquês de Abrantes,76.0,2,2,1,850.0,1727.0,700000.0
Marquês de Abrantes,85.0,2,2,0,865.0,,830000.0
Marquês de Abrantes,80.0,2,2,0,800.0,1600.0,880000.0
Marquês de Abrantes,78.0,2,1,0,867.0,164.0,799000.0
Marquês de Abrantes,41.0,1,1,0,430.0,699.0,480000.0
Marquês de Abrantes,81.0,2,1,1,804.0,245.0,950000.0
Marquês de Abrantes,65.0,2,2,1,900.0,2059.0,750000.0
Marquês de Abrantes,65.0,2,2,1,850.0,1611.0,700000.0
Marquês de Abrantes,56.0,2,2,0,660.0,263.0,725000.0
Marquês de Abrantes,80.0,2,3,1,800.0,2000.0,900000.0
Marquês de Abrantes,55.0,1,2,0,500.0,1000.0,420000.0
Marquês de Abrantes,48.0,1,1,0,600.0,1150.0,575000.0
Marquês de Abrantes,85.0,2,2,0,800.0,1400.0,945000.0
Marquês de Abrantes,40.0,1,2,0,757.0,758.0,550000.0
Marquês de Abrantes,74.0,2,2,1,1000.0,1727.0,695000.0
Marquês de Abrantes,75.0,2,2,1,875.0,130.0,700000.0
Marquês de Abrantes,83.0,2,3,1,795.0,,906000.0
Marquês de Abrantes,78.0,2,2,0,730.0,1650.0,735000.0
Marquês de Abrantes,74.0,2,2,1,850.0,990.0,770000.0
Marquês de Abrantes,75.0,2,2,1,1250.0,1588.0,700000.0
Marquês de Abrantes,82.0,2,1,1,750.0,164.0,930000.0
Marquês de Abrantes,41.0,1,1,0,727.0,1014.0,479000.0
Marquês de Abrantes,80.0,2,2,1,850.0,1300.0,850000.0
Marquês de Abrantes,48.0,1,1,0,760.0,,475000.0
Marquês de Abrantes,36.0,1,1,0,550.0,744.0,470000.0
Marquês de Abrantes,81.0,2,1,1,804.0,2455.0,950000.0
Marquês de Abrantes,75.0,2,2,1,490.0,181.0,950000.0
Marquês de Abrantes,80.0,2,1,1,1017.0,1800.0,700000.0
Marquês de Abrantes,25.0,1,1,0,600.0,302.0,450000.0
Marquês de Abrantes,65.0,2,2,1,800.0,2000.0,700000.0
Marquês de Abrantes,77.0,2,2,1,800.0,2000.0,900000.0
Marquês de Abrantes,84.0,3,2,0,680.0,179.0,863000.0
Marquês de Abrantes,85.0,2,2,0,960.0,147.0,830000.0
Marquês de Abrantes,85.0,2,2,1,867.0,1700.0,830000.0
Marquês de Abrantes,55.0,2,1,0,670.0,1116.0,690000.0
Marquês de Abrantes,76.0,2,2,1,728.0,2330.0,950000.0
Marquês de Abrantes,38.0,1,2,0,848.0,704.0,440000.0
Marquês de Abrantes,80.0,2,1,1,750.0,1619.0,670000.0
Marquês de Abrantes,82.0,2,1,0,430.0,,850000.0
Marquês de Abrantes,47.0,1,1,0,1200.0,687.0,420000.0
Marquês de Abrantes,79.0,2,2,1,1090.0,2122.0,750000.0
Marquês de Abrantes,84.0,3,1,0,782.0,200.0,890000.0
Marquês de Abrantes,32.0,1,1,0,760.0,708.0,450000.0
Marquês de Abrantes,80.0,2,2,1,800.0,1251.0,745000.0
Marquês de Abrantes,38.0,1,2,0,518.0,558.0,450000.0
Marquês de Abrantes,81.0,2,3,1,1300.0,1700.0,800000.0
Marquês de Abrantes,41.0,1,2,0,500.0,300.0,630000.0
Marquês de Abrantes,65.0,2,2,1,800.0,2059.0,890000.0
Marquês de Abrantes,32.0,1,1,0,781.0,700.0,390000.0
Marquês de Abrantes,40.0,1,2,0,679.0,80.0,479000.0
Marquês de Abrantes,74.0,2,2,1,1000.0,1727.0,700000.0
Marquês de Abrantes,26.0,1,1,0,600.0,,260000.0
Marquês de Abrantes,48.0,1,1,0,570.0,1080.0,525000.0
Marquês de Abrantes,80.0,2,3,1,900.0,1200.0,720000.0
Marquês de Abrantes,38.0,1,1,0,600.0,120.0,470000.0
Marquês de Abrantes,48.0,2,2,0,600.0,77.0,640000.0
Marquês de Abrantes,80.0,2,2,1,990.0,2080.0,700000.0
Marquês de Abrantes,65.0,2,2,1,900.0,200.0,850000.0
Marquês de Abrantes,84.0,3,2,1,752.0,2154.0,850000.0
Marquês de Abrantes,50.0,1,1,0,400.0,20.0,600000.0
Marquês de Abrantes,38.0,1,2,0,750.0,677.0,480000.0
Marquês de Abrantes,71.0,2,2,1,1381.0,245.0,800000.0
Marquês de Abrantes,77.0,2,2,1,900.0,2000.0,840000.0
Marquês de Abrantes,70.0,2,1,1,700.0,115.0,655000.0
Marquês de Abrantes,28.0,1,1,0,620.0,,339000.0
Marquês de Abrantes,40.0,1,1,0,700.0,1700.0,650000.0
Marquês de Abrantes,32.0,1,1,0,781.0,708.0,390000.0
Marquês de Abrantes,37.0,1,1,0,420.0,749.0,485000.0
Marquês de Abrantes,33.0,1,1,0,450.0,59.0,480000.0
Marquês de Abrantes,42.0,1,1,0,390.0,1230.0,480000.0
Marquês de Abrantes,84.0,3,2,1,680.0,2072.0,900000.0
Marquês de Abrantes,32.0,1,1,0,760.0,260.0,388500.0
Marquês de Abrantes,38.0,1,1,0,690.0,700.0,460000.0
Marquês de Abrantes,32.0,1,1,0,760.0,70.0,365000.0
Marquês de Abrantes,74.0,2,1,1,875.0,1646.0,735000.0
Marquês de Abrantes,23.0,1,1,0,700.0,,400000.0
Marquês de Abrantes,33.0,1,1,0,460.0,700.0,525000.0
Marquês de Abrantes,47.0,1,1,0,1500.0,1800.0,470000.0
Marquês de Abrantes,72.0,2,2,0,800.0,1500.0,600000.0
Marquês de Abrantes,75.0,2,2,1,850.0,1720.0,695000.0
Marquês de Abrantes,85.0,3,2,0,723.0,,860000.0
Marquês de Abrantes,76.0,2,2,1,850.0,1720.0,675000.0
Marquês de Abrantes,72.0,2,1,0,700.0,1556.0,655000.0
Marquês de Abrantes,35.0,1,1,0,781.0,,450000.0
Marquês de Abrantes,100.0,2,3,1,918.0,2677.0,1100000.0
Marquês de Abrantes,90.0,3,3,1,1405.0,232.0,1340000.0
Marquês de Abrantes,90.0,2,2,0,546.0,200.0,748000.0
Marquês de Abrantes,95.0,3,2,1,800.0,180.0,905000.0
Marquês de Abrantes,90.0,2,3,0,800.0,,850000.0
Marquês de Abrantes,100.0,3,1,0,700.0,2275.0,650000.0
Marquês de Abrantes,97.0,3,2,1,972.0,214.0,950000.0
Marquês de Abrantes,90.0,2,2,0,830.0,2300.0,700000.0
Marquês de Abrantes,100.0,3,2,0,940.0,2189.0,797000.0
Marquês de Abrantes,95.0,3,1,1,725.0,164.0,1040000.0
Marquês de Abrantes,100.0,3,2,0,650.0,1050.0,1030000.0
Marquês de Abrantes,93.0,2,2,0,800.0,1600.0,785000.0
Marquês de Abrantes,97.0,3,2,1,1070.0,2137.0,950000.0
Marquês de Abrantes,100.0,3,2,0,800.0,1700.0,800000.0
Marquês de Abrantes,99.0,3,2,0,900.0,2458.0,790000.0
Marquês de Abrantes,90.0,2,3,0,960.0,2093.0,850000.0
Marquês de Abrantes,94.0,3,3,1,1405.0,270.0,1400000.0
Marquês de Abrantes,100.0,3,2,1,898.0,218.0,780000.0
Marquês de Abrantes,90.0,2,2,0,729.0,1645.0,799000.0
Marquês de Abrantes,86.0,2,2,1,930.0,1800.0,659000.0
Marquês de Abrantes,100.0,2,1,0,950.0,2748.0,900000.0
Marquês de Abrantes,99.0,3,1,0,984.0,2458.0,790000.0
Marquês de Abrantes,92.0,3,3,2,792.0,1606.0,1100000.0
Marquês de Abrantes,97.0,3,2,1,1150.0,222.0,950000.0
Marquês de Abrantes,99.0,3,4,1,950.0,1850.0,899999.0
Marquês de Abrantes,100.0,3,2,0,780.0,1200.0,650000.0
Marquês de Abrantes,102.0,3,1,1,1300.0,231.0,950000.0
Marquês de Abrantes,102.0,3,3,1,850.0,1600.0,955000.0
Marquês de Abrantes,100.0,2,2,0,600.0,1200.0,1050000.0
Marquês de Abrantes,100.0,3,2,0,870.0,1480.0,1095000.0
Marquês de Abrantes,102.0,3,2,0,730.0,130.0,680000.0
Marquês de Abrantes,100.0,3,2,0,900.0,2200.0,760000.0
Marquês de Abrantes,90.0,2,3,1,1090.0,280.0,750000.0
Marquês de Abrantes,90.0,3,3,1,1820.0,,1295000.0
Marquês de Abrantes,97.0,3,1,1,1150.0,213.0,950000.0
Marquês de Abrantes,95.0,3,2,1,844.0,1928.0,950000.0
Marquês de Abrantes,100.0,3,2,0,900.0,2189.0,780000.0
Marquês de Abrantes,100.0,3,2,1,1050.0,1827.0,849000.0
Marquês de Abrantes,98.0,3,2,0,900.0,1900.0,777000.0
Marquês de Abrantes,89.0,3,2,1,1200.0,1440.0,890000.0
Marquês de Abrantes,94.0,3,3,1,1200.0,3400.0,1490000.0
Marquês de Abrantes,90.0,3,3,1,1800.0,4000.0,1000000.0
Marquês de Abrantes,94.0,3,2,1,1549.0,2415.0,1398000.0
Marquês de Abrantes,92.0,3,3,2,1100.0,2600.0,1100000.0
Marquês de Abrantes,102.0,3,2,1,1450.0,2150.0,1062000.0
Marquês de Abrantes,100.0,3,1,0,900.0,2180.0,779000.0
Marquês de Abrantes,89.0,3,3,1,1300.0,2900.0,1295000.0
Marquês de Abrantes,89.0,2,2,1,1200.0,1800.0,1295000.0
Marquês de Abrantes,93.0,3,1,0,925.0,1610.0,1200000.0
Marquês de Abrantes,90.0,3,2,1,2100.0,2500.0,1000000.0
Marquês de Abrantes,93.0,3,3,0,900.0,1610.0,1200000.0
Marquês de Abrantes,90.0,2,2,0,800.0,1800.0,850000.0
Marquês de Abrantes,87.0,2,1,1,1090.0,2080.0,750000.0
Marquês de Abrantes,92.0,3,2,2,950.0,2726.0,1100000.0
Marquês de Abrantes,100.0,3,2,0,900.0,2100.0,778000.0
Marquês de Abrantes,92.0,3,2,1,900.0,1867.0,950000.0
Marquês de Abrantes,97.0,3,2,1,1070.0,1773.0,949999.0
Marquês de Abrantes,100.0,3,2,0,900.0,2189.0,750000.0
Marquês de Abrantes,92.0,3,1,0,926.0,1108.0,950000.0
Marquês de Abrantes,89.0,3,3,1,1800.0,400.0,1000000.0
Marquês de Abrantes,93.0,3,3,0,800.0,2067.0,1200000.0
Marquês de Abrantes,92.0,3,3,2,1150.0,2166.0,1100000.0
Marquês de Abrantes,100.0,2,2,0,247.0,995.0,900000.0
Marquês de Abrantes,100.0,3,2,0,900.0,218.0,750000.0
Marquês de Abrantes,100.0,3,3,1,1660.0,240.0,1400000.0
Marquês de Abrantes,92.0,3,3,2,935.0,1600.0,1100000.0
Marquês de Abrantes,100.0,2,2,0,935.0,2478.0,899000.0
Marquês de Abrantes,89.0,3,1,1,1800.0,4000.0,1000000.0
Marquês de Abrantes,93.0,2,1,0,830.0,1610.0,750000.0
Marquês de Abrantes,90.0,3,3,1,1790.0,4000.0,1000000.0
Marquês de Abrantes,90.0,3,2,1,2500.0,4050.0,1100000.0
Marquês de Abrantes,87.0,2,3,1,980.0,1845.0,699000.0
Marquês de Abrantes,100.0,3,1,0,850.0,2275.0,800000.0
Marquês de Abrantes,90.0,3,3,1,1100.0,2000.0,1295000.0
Marquês de Abrantes,87.0,2,2,1,1090.0,2080.0,750000.0
Marquês de Abrantes,100.0,3,3,0,1200.0,2200.0,1300000.0
Marquês de Abrantes,89.0,3,3,1,1800.0,4000.0,1000000.0
Marquês de Abrantes,98.0,3,2,1,1300.0,1800.0,1470000.0
Marquês de Abrantes,92.0,3,1,2,1500.0,2474.0,1100000.0
Marquês de Abrantes,90.0,3,3,1,1700.0,250.0,990000.0
Marquês de Abrantes,102.0,3,3,0,802.0,2424.0,869000.0
Marquês de Abrantes,92.0,2,2,0,900.0,1283.0,790000.0
Marquês de Abrantes,90.0,3,2,1,2032.0,,1295000.0
Marquês de Abrantes,90.0,3,2,1,1800.0,400.0,1000000.0
Marquês de Abrantes,94.0,3,2,1,1376.0,2394.0,900000.0
Marquês de Abrantes,92.0,3,2,2,800.0,,1100000.0
Marquês de Abrantes,91.0,3,3,1,2100.0,2564.0,1250000.0
Marquês de Abrantes,100.0,3,1,0,900.0,1850.0,849000.0
Marquês de Abrantes,102.0,3,2,1,1431.0,,895000.0
Marquês de Abrantes,93.0,3,2,0,865.0,1660.0,1190000.0
Marquês de Abrantes,90.0,3,2,1,1800.0,2500.0,1000000.0
Marquês de Abrantes,90.0,3,2,0,750.0,314.0,870000.0
Marquês de Abrantes,102.0,3,1,0,1000.0,222.0,930000.0
Marquês de Abrantes,100.0,3,3,1,1100.0,2000.0,1300000.0
Marquês de Abrantes,98.0,3,3,1,1250.0,3500.0,1400000.0
Marquês de Abrantes,90.0,3,3,1,1550.0,180.0,1050000.0
Marquês de Abrantes,92.0,3,3,2,936.0,1606.0,1100000.0
Marquês de Abrantes,90.0,2,2,0,546.0,2180.0,750000.0
Marquês de Abrantes,90.0,3,2,1,935.0,1941.0,990000.0
Marquês de Abrantes,100.0,3,1,0,1000.0,2030.0,650000.0
Marquês de Abrantes,100.0,3,2,1,1200.0,200.0,950000.0
Marquês de Abrantes,90.0,3,2,2,1000.0,100.0,1198000.0
Marquês de Abrantes,98.0,3,2,1,870.0,1870.0,950000.0
Marquês de Abrantes,90.0,3,3,1,2500.0,4500.0,1150000.0
Marquês de Abrantes,90.0,3,2,1,1800.0,2905.0,1000000.0
Marquês de Abrantes,90.0,2,1,0,729.0,227.0,850000.0
Marquês de Abrantes,97.0,3,2,1,870.0,2137.0,990000.0
Marquês de Abrantes,89.0,3,3,1,1800.0,2400.0,990000.0
Marquês de Abrantes,89.0,3,3,1,1800.0,1300.0,1295000.0
Marquês de Abrantes,94.0,3,3,1,1773.0,215.0,1400000.0
Marquês de Abrantes,90.0,3,3,1,1600.0,1800.0,1000000.0
Marquês de Abrantes,100.0,3,1,1,1300.0,1773.0,950000.0
Marquês de Abrantes,100.0,3,3,2,890.0,,1150000.0
Marquês de Abrantes,90.0,3,2,1,1400.0,2000.0,1350001.0
Marquês de Abrantes,90.0,3,3,1,1800.0,380.0,1200000.0
Marquês de Abrantes,102.0,3,2,1,1340.0,230.0,990000.0
Marquês de Abrantes,90.0,3,3,1,1800.0,1550.0,1000000.0
Marquês de Abrantes,90.0,3,2,1,2445.0,,1100000.0
Marquês de Abrantes,90.0,3,2,1,1800.0,,1295000.0
Marquês de Abrantes,90.0,3,3,1,1800.0,400.0,1000000.0
Marquês de Abrantes,102.0,3,2,0,1793.0,2311.0,1200000.0
Marquês de Abrantes,100.0,3,3,1,950.0,,1400000.0
Marquês de Abrantes,90.0,3,3,1,1700.0,3000.0,995000.0
Marquês de Abrantes,140.0,3,3,0,959.0,329.0,1130000.0
Marquês de Abrantes,113.0,3,3,1,1700.0,2418.0,880000.0
Marquês de Abrantes,120.0,3,2,1,880.0,1200.0,835000.0
Marquês de Abrantes,137.0,3,3,1,1300.0,1893.0,1370000.0
Marquês de Abrantes,107.0,3,1,1,872.0,2521.0,950000.0
Marquês de Abrantes,107.0,3,2,1,872.0,262.0,945000.0
Marquês de Abrantes,140.0,4,2,0,950.0,,1200000.0
Marquês de Abrantes,140.0,3,2,1,1000.0,316.0,1130000.0
Marquês de Abrantes,206.0,4,2,1,1300.0,3288.0,1200000.0
Marquês de Abrantes,120.0,3,3,1,900.0,,1150000.0
Marquês de Abrantes,104.0,3,2,1,870.0,1395.0,1250000.0
Marquês de Abrantes,104.0,3,2,0,730.0,183.0,645000.0
Marquês de Abrantes,123.0,3,2,1,1361.0,238.0,950000.0
Marquês de Abrantes,113.0,3,2,0,912.0,151.0,895000.0
Marquês de Abrantes,106.0,3,3,1,1150.0,2668.0,900000.0
Marquês de Abrantes,107.0,3,3,2,940.0,278.0,1100000.0
Marquês de Abrantes,105.0,3,3,0,1100.0,2054.0,850000.0
Marquês de Abrantes,120.0,2,2,1,1221.0,2776.0,1050000.0
Marquês de Abrantes,110.0,3,3,2,800.0,,970000.0
Marquês de Abrantes,183.0,3,3,0,895.0,3715.0,950000.0
Marquês de Abrantes,130.0,3,3,0,1200.0,2853.0,1150000.0
Marquês de Abrantes,107.0,3,3,0,1377.0,262.0,910000.0
Marquês de Abrantes,205.0,4,3,0,1000.0,420.0,1485000.0
Marquês de Abrantes,110.0,3,3,1,1250.0,2000.0,865000.0
Marquês de Abrantes,107.0,3,3,1,1000.0,262.0,955000.0
Marquês de Abrantes,146.0,3,3,0,1050.0,3359.0,1250000.0
Marquês de Abrantes,120.0,3,2,1,877.0,,847000.0
Marquês de Abrantes,120.0,3,3,1,980.0,2900.0,1050000.0
Marquês de Abrantes,104.0,3,2,0,730.0,183.0,650000.0
Marquês de Abrantes,105.0,3,2,0,1100.0,2000.0,750000.0
Marquês de Abrantes,106.0,3,2,1,807.0,266.0,1200000.0
Marquês de Abrantes,122.0,3,2,1,1300.0,238.0,990000.0
Marquês de Abrantes,183.0,3,3,1,862.0,328.0,1300000.0
Marquês de Abrantes,130.0,3,2,0,1100.0,,840000.0
Marquês de Abrantes,107.0,3,3,1,900.0,2172.0,955000.0
Marquês de Abrantes,106.0,3,3,1,931.0,1427.0,900000.0
Marquês de Abrantes,150.0,3,3,0,1007.0,425.0,1300000.0
Marquês de Abrantes,104.0,3,2,0,1205.0,,1300000.0
Marquês de Abrantes,130.0,3,2,0,1100.0,308.0,940000.0
Marquês de Abrantes,108.0,3,2,1,1200.0,180.0,790000.0
Marquês de Abrantes,120.0,3,2,1,1394.0,2450.0,1050000.0
Marquês de Abrantes,104.0,3,3,1,1306.0,247.0,820000.0
Marquês de Abrantes,120.0,3,2,0,1100.0,277.0,1260000.0
Marquês de Abrantes,130.0,3,2,0,700.0,2000.0,1100000.0
Marquês de Abrantes,227.0,7,5,2,1500.0,3788.0,2200000.0
Marquês de Abrantes,123.0,3,3,1,1277.0,2403.0,1250000.0
Marquês de Abrantes,120.0,3,2,0,1100.0,2770.0,1200000.0
Marquês de Abrantes,104.0,3,3,1,1200.0,2463.0,820000.0
Marquês de Abrantes,130.0,3,2,1,1298.0,,850000.0
Marquês de Abrantes,104.0,3,2,0,820.0,250.0,645000.0
Marquês de Abrantes,106.0,3,5,0,870.0,1886.0,870000.0
Marquês de Abrantes,114.0,3,2,0,800.0,2213.0,1100000.0
Marquês de Abrantes,151.0,3,3,1,1073.0,142.0,1700000.0
Marquês de Abrantes,104.0,3,2,0,840.0,139.0,1100000.0
Marquês de Abrantes,145.0,4,4,1,800.0,1807.0,1400000.0
Marquês de Abrantes,107.0,3,3,1,872.0,2521.0,950000.0
Marquês de Abrantes,202.0,4,3,1,1000.0,4377.0,1890000.0
Marquês de Abrantes,150.0,4,3,0,950.0,329.0,1130000.0
Marquês de Abrantes,123.0,3,3,1,1400.0,2000.0,990000.0
Marquês de Abrantes,110.0,3,3,1,1250.0,2000.0,845000.0
Marquês de Abrantes,110.0,3,2,1,872.0,2521.0,949000.0
Marquês de Abrantes,201.0,4,3,0,990.0,4357.0,1500000.0
Marquês de Abrantes,220.0,4,3,1,1400.0,4380.0,2300000.0
Marquês de Abrantes,110.0,3,2,1,1200.0,2225.0,900000.0
Marquês de Abrantes,124.0,3,3,0,970.0,2403.0,1050000.0
Marquês de Abrantes,120.0,3,2,1,877.0,,895000.0
Marquês de Abrantes,183.0,3,3,0,1100.0,3800.0,980000.0
Marquês de Abrantes,110.0,3,1,1,1321.0,223.0,900000.0
Marquês de Abrantes,104.0,3,2,0,870.0,1395.0,1100000.0
Marquês de Abrantes,125.0,3,3,1,1642.0,2777.0,950000.0
Marquês de Abrantes,183.0,3,3,0,1180.0,4006.0,950000.0
Marquês de Abrantes,146.0,3,3,0,1050.0,3500.0,1250000.0
Marquês de Abrantes,111.0,3,3,0,826.0,1965.0,1022000.0
Marquês de Abrantes,120.0,3,2,2,935.0,272.0,1100000.0
Marquês de Abrantes,115.0,3,3,2,800.0,2600.0,900000.0
Marquês de Abrantes,106.0,3,3,0,880.0,2385.0,890000.0
Marquês de Abrantes,120.0,3,3,0,900.0,1868.0,800000.0
Marquês de Abrantes,125.0,3,3,1,1642.0,2442.0,1100000.0
Marquês de Abrantes,201.0,4,2,0,1000.0,1976.0,1489000.0
Marquês de Abrantes,120.0,3,3,1,1200.0,1900.0,1290000.0
Marquês de Abrantes,120.0,3,3,1,1200.0,2884.0,1060000.0
Marquês de Abrantes,183.0,5,3,1,1500.0,4575.0,1980000.0
Marquês de Abrantes,106.0,3,2,0,937.0,2295.0,890000.0
Marquês de Abrantes,120.0,3,2,0,1100.0,3080.0,940000.0
Marquês de Abrantes,110.0,3,1,1,970.0,1100.0,1140000.0
Marquês de Abrantes,183.0,4,3,1,1546.0,4575.0,1980000.0
Marquês de Abrantes,200.0,4,2,0,1100.0,452.0,1500000.0
Marquês de Abrantes,135.0,4,2,1,1250.0,1523.0,1350000.0
Marquês de Abrantes,120.0,3,3,1,1286.0,232.0,1060000.0
Marquês de Abrantes,120.0,3,2,1,1300.0,2600.0,1500000.0
Marquês de Abrantes,130.0,3,1,0,1100.0,3300.0,850000.0
Marquês de Abrantes,108.0,3,2,1,890.0,2225.0,1200000.0
Marquês de Abrantes,120.0,3,3,1,1200.0,1900.0,1220000.0
Marquês de Abrantes,151.0,3,3,1,730.0,3854.0,1800000.0
Marquês de Abrantes,120.0,3,1,0,800.0,1868.0,849000.0
Marquês de Abrantes,120.0,3,2,0,1500.0,300.0,690000.0
Marquês de Abrantes,252.0,4,4,1,3243.0,612.0,1700000.0
Marquês de Abrantes,252.0,4,4,1,2900.0,5900.0,1550000.0
Marquês de Abrantes,110.0,3,3,1,875.0,2500.0,1165000.0
Marquês de Abrantes,170.0,3,4,1,1100.0,2822.0,2500000.0
Marquês de Abrantes,135.0,3,3,1,1600.0,2442.0,1098000.0
Marquês de Abrantes,107.0,3,1,0,970.0,231.0,1100000.0
Marquês de Abrantes,113.0,2,3,1,1100.0,1987.0,880000.0
Marquês de Abrantes,127.0,2,2,1,900.0,258.0,1250000.0
Marquês de Abrantes,252.0,4,4,1,2900.0,5702.0,1600000.0
Marquês de Abrantes,107.0,3,2,1,990.0,1707.0,945000.0
Marquês de Abrantes,125.0,3,3,1,1000.0,1800.0,1449000.0
Marquês de Abrantes,115.0,3,2,0,680.0,,900000.0
Marquês de Abrantes,120.0,2,2,1,1200.0,2780.0,1049000.0
Marquês de Abrantes,149.0,3,2,0,750.0,2987.0,1100000.0
Marquês de Abrantes,117.0,3,2,0,950.0,1901.0,1000000.0
Marquês de Abrantes,120.0,3,3,1,1500.0,2776.0,1049000.0
Marquês de Abrantes,115.0,3,2,0,900.0,9000.0,989000.0
Marquês de Abrantes,125.0,3,3,0,1642.0,2777.0,950000.0
Marquês de Abrantes,117.0,3,2,1,1489.0,2225.0,1100000.0
Marquês de Abrantes,120.0,3,3,1,1200.0,2884.0,1260000.0
Marquês de Abrantes,110.0,3,3,0,870.0,1680.0,1240000.0
Marquês de Abrantes,130.0,3,2,0,1100.0,303.0,850000.0
Marquês de Abrantes,183.0,3,3,0,995.0,4254.0,1300000.0
Marquês de Abrantes,120.0,3,3,1,1246.0,2776.0,1200000.0
Marquês de Abrantes,183.0,3,3,0,1000.0,4100.0,940000.0
Marquês de Abrantes,210.0,4,3,0,850.0,230.0,1540000.0
Marquês de Abrantes,107.0,3,2,0,1295.0,1200.0,830000.0
Marquês de Abrantes,201.0,4,2,0,1000.0,358.0,1500000.0
Marquês de Abrantes,108.0,2,2,0,740.0,,1200000.0
Marquês de Abrantes,120.0,3,2,1,1011.0,9000.0,1543000.0
Marquês de Abrantes,120.0,3,3,0,1100.0,1770.0,1200000.0
Marquês de Abrantes,120.0,3,1,0,1000.0,2884.0,1200000.0
Marquês de Abrantes,110.0,3,2,0,1793.0,2225.0,1200000.0
Marquês de Abrantes,161.0,3,3,0,624.0,2309.0,1600000.0
Marquês de Abrantes,125.0,3,1,1,1000.0,2000.0,949000.0
Marquês de Abrantes,252.0,4,5,1,2980.0,5901.0,1700000.0
Marquês de Abrantes,252.0,4,4,1,2980.0,480.0,1700000.0
Marquês de Abrantes,252.0,4,4,1,2900.0,6132.0,1600000.0
Marquês de Abrantes,118.0,3,2,1,1500.0,970.0,890000.0
Marquês de Abrantes,104.0,3,2,0,730.0,1830.0,650000.0
Marquês de Abrantes,110.0,3,2,1,1400.0,200.0,850000.0
Marquês de Abrantes,110.0,3,3,1,1070.0,2604.0,945000.0
Marquês de Abrantes,104.0,3,2,0,730.0,1830.0,648000.0
Marquês de Abrantes,108.0,3,2,1,1100.0,2076.0,790000.0
Marquês de Abrantes,120.0,2,2,1,1000.0,,890000.0
Marquês de Abrantes,115.0,3,1,1,877.0,1100.0,749000.0
Marquês de Paraná,77.0,2,1,1,930.0,180.0,730000.0
Marquês de Paraná,44.0,2,1,0,552.0,79.0,510000.0
Marquês de Paraná,44.0,1,2,0,497.0,345.0,510000.0
Marquês de Paraná,65.0,2,2,0,478.0,1544.0,580000.0
Marquês de Paraná,127.0,3,3,0,1038.0,2824.0,900000.0
Marquês de Paraná,63.0,2,2,0,478.0,1544.0,650000.0
Marquês de Paraná,76.0,2,1,0,540.0,162.0,690000.0
Marquês de Paraná,78.0,2,2,1,814.0,125.0,676000.0
Marquês de Paraná,57.0,2,2,0,645.0,1147.0,570000.0
Marquês de Paraná,57.0,2,2,0,645.0,1147.0,630000.0
Marquês de Paraná,57.0,2,2,0,640.0,900.0,650000.0
Marquês de Paraná,57.0,2,2,0,645.0,1147.0,600000.0
Marquês de Paraná,85.0,2,2,0,1200.0,200.0,650000.0
Marquês de Paraná,90.0,2,2,0,1200.0,1266.0,650000.0
Marquês de Paraná,53.0,1,2,1,681.0,1042.0,590000.0
Marquês de Paraná,57.0,2,2,0,645.0,1150.0,600000.0
Marquês de Paraná,130.0,3,3,0,1020.0,2934.0,900000.0
Marquês de Paraná,84.0,2,2,1,1300.0,169.0,650000.0
Marquês de Paraná,52.0,2,1,0,700.0,1127.0,645000.0
Marquês de Paraná,90.0,2,2,0,1200.0,1100.0,600000.0
Marquês de Paraná,44.0,1,1,0,560.0,829.0,508000.0
Marquês de Paraná,121.0,3,3,0,1038.0,293.0,1000000.0
Marquês de Paraná,78.0,2,2,1,930.0,,730000.0
Marquês de Paraná,90.0,2,1,0,1100.0,1700.0,650000.0
Marquês de Paraná,90.0,2,2,0,1200.0,2000.0,590000.0
Marquês de Paraná,84.0,2,1,0,1281.0,1640.0,650000.0
Marquês de Paraná,120.0,3,2,0,1250.0,2500.0,1100000.0
Marquês de Paraná,46.0,2,1,0,560.0,829.0,540000.0
Oswaldo Cruz,97.0,2,2,1,990.0,329.0,1400000.0
Oswaldo Cruz,95.0,3,3,1,863.0,1600.0,845000.0
Oswaldo Cruz,51.0,2,1,0,800.0,,256000.0
Oswaldo Cruz,75.0,2,2,0,680.0,1450.0,555000.0
Oswaldo Cruz,70.0,2,2,0,580.0,181.0,700000.0
Oswaldo Cruz,70.0,2,1,1,650.0,130.0,560000.0
Oswaldo Cruz,90.0,2,3,1,780.0,2300.0,890000.0
Oswaldo Cruz,80.0,2,2,1,1060.0,250.0,860000.0
Oswaldo Cruz,80.0,2,2,0,577.0,200.0,650000.0
Oswaldo Cruz,75.0,2,2,0,635.0,1900.0,555000.0
Oswaldo Cruz,40.0,1,1,0,400.0,242.0,550000.0
Oswaldo Cruz,72.0,2,2,0,575.0,1223.0,795000.0
Oswaldo Cruz,84.0,2,2,0,643.0,214.0,680000.0
Oswaldo Cruz,84.0,2,2,0,577.0,125.0,690000.0
Oswaldo Cruz,65.0,1,2,0,500.0,170.0,550000.0
Oswaldo Cruz,75.0,2,1,0,577.0,117.0,640000.0
Oswaldo Cruz,70.0,2,1,0,577.0,180.0,780000.0
Oswaldo Cruz,72.0,2,1,0,577.0,1200.0,640000.0
Oswaldo Cruz,98.0,2,4,1,750.0,292.0,880000.0
Oswaldo Cruz,62.0,1,1,1,791.0,2129.0,740000.0
Oswaldo Cruz,97.0,2,3,1,1020.0,337.0,1600000.0
Oswaldo Cruz,96.0,2,1,1,826.0,2724.0,890000.0
Oswaldo Cruz,88.0,2,2,1,1200.0,200.0,750000.0
Oswaldo Cruz,51.0,2,2,1,700.0,1180.0,740000.0
Oswaldo Cruz,96.0,2,3,1,600.0,,1000000.0
Oswaldo Cruz,96.0,2,1,1,825.0,286.0,890000.0
Oswaldo Cruz,88.0,2,3,1,680.0,1289.0,890000.0
Oswaldo Cruz,70.0,2,1,0,577.0,250.0,640000.0
Oswaldo Cruz,50.0,1,1,0,470.0,232.0,540000.0
Oswaldo Cruz,64.0,1,1,1,686.0,217.0,800000.0
Oswaldo Cruz,90.0,3,1,1,863.0,1600.0,900000.0
Oswaldo Cruz,96.0,2,3,1,800.0,2858.0,880000.0
Oswaldo Cruz,51.0,1,1,1,594.0,85.0,650000.0
Oswaldo Cruz,84.0,2,2,0,630.0,222.0,690000.0
Oswaldo Cruz,43.0,1,1,0,498.0,100.0,444000.0
Oswaldo Cruz,43.0,1,1,0,650.0,105.0,460000.0
Oswaldo Cruz,72.0,2,2,0,662.0,1987.0,560000.0
Oswaldo Cruz,97.0,3,1,1,1279.0,260.0,850000.0
Oswaldo Cruz,80.0,1,2,1,1060.0,244.0,870000.0
Oswaldo Cruz,96.0,2,1,1,750.0,1800.0,1150000.0
Oswaldo Cruz,80.0,2,2,0,900.0,2243.0,849000.0
Oswaldo Cruz,38.0,1,1,0,363.0,692.0,527000.0
Oswaldo Cruz,84.0,2,2,0,577.0,125.0,680000.0
Oswaldo Cruz,97.0,3,2,1,1172.0,200.0,850000.0
Oswaldo Cruz,70.0,2,1,0,577.0,2400.0,640000.0
Oswaldo Cruz,96.0,2,2,1,735.0,285.0,995000.0
Oswaldo Cruz,90.0,2,2,1,1210.0,250.0,850000.0
Oswaldo Cruz,45.0,1,1,0,520.0,900.0,450000.0
Oswaldo Cruz,100.0,3,2,1,1172.0,200.0,719000.0
Oswaldo Cruz,96.0,2,2,1,750.0,2920.0,880000.0
Oswaldo Cruz,96.0,2,2,1,800.0,2929.0,890000.0
Oswaldo Cruz,88.0,2,3,1,710.0,1600.0,889000.0
Oswaldo Cruz,59.0,1,2,1,530.0,199.0,800000.0
Oswaldo Cruz,88.0,2,2,1,1210.0,2519.0,850000.0
Oswaldo Cruz,96.0,2,2,1,750.0,2858.0,1000000.0
Oswaldo Cruz,88.0,1,1,1,770.0,2526.0,890000.0
Oswaldo Cruz,90.0,2,3,1,680.0,,890000.0
Oswaldo Cruz,80.0,2,2,0,900.0,1081.0,830000.0
Oswaldo Cruz,58.0,1,2,1,700.0,1797.0,950000.0
Oswaldo Cruz,100.0,3,3,1,1170.0,2200.0,720000.0
Oswaldo Cruz,88.0,2,1,1,685.0,1613.0,890000.0
Oswaldo Cruz,43.0,1,1,0,467.0,945.0,444000.0
Oswaldo Cruz,84.0,2,2,0,592.0,1800.0,690000.0
Oswaldo Cruz,90.0,2,3,1,712.0,1289.0,890000.0
Oswaldo Cruz,96.0,2,3,1,750.0,292.0,880000.0
Oswaldo Cruz,96.0,2,3,1,720.0,2345.0,1000000.0
Oswaldo Cruz,80.0,2,2,0,900.0,761.0,835000.0
Oswaldo Cruz,55.0,1,1,0,480.0,975.0,530000.0
Oswaldo Cruz,50.0,1,1,0,462.0,1013.0,630000.0
Oswaldo Cruz,38.0,1,1,0,400.0,242.0,529000.0
Oswaldo Cruz,45.0,1,1,0,630.0,1016.0,445000.0
Oswaldo Cruz,80.0,2,1,1,900.0,224.0,795000.0
Oswaldo Cruz,84.0,2,2,0,629.0,214.0,690000.0
Oswaldo Cruz,80.0,2,2,1,1060.0,2000.0,850000.0
Oswaldo Cruz,84.0,2,2,0,577.0,214.0,690000.0
Oswaldo Cruz,62.0,1,1,1,790.0,1681.0,740000.0
Oswaldo Cruz,80.0,2,1,1,1100.0,,850000.0
Oswaldo Cruz,88.0,2,2,1,1210.0,2424.0,850000.0
Oswaldo Cruz,97.0,3,2,1,1172.0,237.0,720000.0
Oswaldo Cruz,65.0,1,1,1,929.0,2069.0,680000.0
Oswaldo Cruz,45.0,1,1,0,450.0,,525000.0
Oswaldo Cruz,88.0,2,1,1,1211.0,1800.0,850000.0
Oswaldo Cruz,38.0,1,1,0,400.0,242.0,530000.0
Oswaldo Cruz,96.0,3,4,1,679.0,1847.0,990000.0
Oswaldo Cruz,58.0,1,1,0,700.0,2244.0,740000.0
Oswaldo Cruz,96.0,2,1,1,670.0,,980000.0
Oswaldo Cruz,120.0,3,2,1,1320.0,270.0,1100000.0
Oswaldo Cruz,130.0,3,3,1,1830.0,3800.0,1200000.0
Oswaldo Cruz,128.0,3,3,1,1400.0,3795.0,1200000.0
Oswaldo Cruz,130.0,3,3,1,1338.0,440.0,1480000.0
Oswaldo Cruz,110.0,2,4,1,800.0,170.0,870000.0
Oswaldo Cruz,108.0,2,4,1,791.0,316.0,1350000.0
Oswaldo Cruz,130.0,3,2,1,1380.0,414.0,1850000.0
Oswaldo Cruz,128.0,3,3,1,1700.0,3652.0,1490000.0
Oswaldo Cruz,110.0,2,2,1,800.0,170.0,880000.0
Oswaldo Cruz,130.0,3,3,1,1851.0,365.0,1480000.0
Oswaldo Cruz,110.0,2,3,1,867.0,,1100000.0
Oswaldo Cruz,107.0,2,3,1,933.0,3213.0,1100000.0
Oswaldo Cruz,105.0,2,3,1,750.0,174.0,1460000.0
Oswaldo Cruz,107.0,2,1,1,859.0,321.0,1040000.0
Oswaldo Cruz,130.0,3,3,1,1850.0,3650.0,1490000.0
Oswaldo Cruz,130.0,3,4,1,1350.0,4241.0,1840000.0
Oswaldo Cruz,110.0,2,1,1,800.0,4500.0,1400000.0
Oswaldo Cruz,110.0,2,4,1,734.0,320.0,930000.0
Oswaldo Cruz,107.0,2,3,1,800.0,2765.0,940000.0
Oswaldo Cruz,129.0,3,2,1,1445.0,3550.0,1600000.0
Oswaldo Cruz,130.0,3,4,1,1350.0,2829.0,1840000.0
Oswaldo Cruz,128.0,3,3,1,1338.0,3652.0,1540000.0
Oswaldo Cruz,120.0,3,2,1,1631.0,299.0,1150000.0
Oswaldo Cruz,110.0,2,1,1,734.0,3840.0,910000.0
Oswaldo Cruz,115.0,3,3,1,1200.0,,1300000.0
Oswaldo Cruz,130.0,3,3,1,1376.0,347.0,1830000.0
Oswaldo Cruz,110.0,2,3,1,734.0,320.0,980000.0
Oswaldo Cruz,105.0,3,3,1,1254.0,1773.0,1300000.0
Oswaldo Cruz,130.0,3,4,1,1378.0,,1800000.0
Oswaldo Cruz,108.0,2,3,1,685.0,2733.0,1150000.0
Oswaldo Cruz,130.0,3,4,1,1380.0,414.0,1840000.0
Oswaldo Cruz,130.0,2,3,1,1520.0,3478.0,1850000.0
Oswaldo Cruz,120.0,3,3,1,1320.0,270.0,1100000.0
Oswaldo Cruz,105.0,3,1,1,998.0,1733.0,1200000.0
Oswaldo Cruz,107.0,2,3,1,734.0,3213.0,980000.0
Oswaldo Cruz,110.0,3,3,1,1200.0,1790.0,1397000.0
Oswaldo Cruz,130.0,3,3,1,1836.0,365.0,1500000.0
Oswaldo Cruz,110.0,2,2,1,734.0,3200.0,940000.0
Oswaldo Cruz,120.0,3,3,1,1372.0,2877.0,1100000.0
Oswaldo Cruz,108.0,2,2,1,1500.0,1605.0,1100000.0
Oswaldo Cruz,129.0,3,2,1,1477.0,2957.0,1600000.0
Oswaldo Cruz,120.0,3,1,1,1320.0,2542.0,1100000.0
Oswaldo Cruz,130.0,3,2,1,1450.0,3100.0,1860000.0
Oswaldo Cruz,110.0,2,3,1,800.0,1700.0,890000.0
Oswaldo Cruz,130.0,3,3,1,1420.0,3000.0,1850000.0
Oswaldo Cruz,120.0,3,4,1,1200.0,2000.0,1300000.0
Oswaldo Cruz,128.0,3,3,1,1829.0,334.0,2225000.0
Oswaldo Cruz,120.0,3,3,1,1358.0,,1250000.0
Oswaldo Cruz,120.0,3,2,1,1477.0,234.0,1590000.0
Oswaldo Cruz,108.0,2,4,1,1200.0,2462.0,1500000.0
Oswaldo Cruz,108.0,2,3,1,1400.0,3080.0,1280000.0
Oswaldo Cruz,130.0,3,1,1,1450.0,3900.0,1830000.0
Oswaldo Cruz,128.0,3,2,1,1829.0,3650.0,1490000.0
Oswaldo Cruz,108.0,2,3,1,860.0,3179.0,1250000.0
Oswaldo Cruz,120.0,3,2,1,1300.0,,1150000.0
Oswaldo Cruz,110.0,2,3,1,734.0,3840.0,980000.0
Oswaldo Cruz,165.0,3,3,1,1200.0,3619.0,1580000.0
Oswaldo Cruz,138.0,3,3,1,1225.0,353.0,1200000.0
Oswaldo Cruz,164.0,3,2,1,1500.0,455.0,2300000.0
Oswaldo Cruz,202.0,4,4,1,1300.0,4591.0,1750000.0
Oswaldo Cruz,168.0,3,4,1,2047.0,268.0,1990000.0
Oswaldo Cruz,165.0,3,2,1,1134.0,403.0,1580000.0
Oswaldo Cruz,174.0,4,6,1,1700.0,3982.0,1950000.0
Oswaldo Cruz,200.0,3,4,1,2500.0,4666.0,2200000.0
Oswaldo Cruz,164.0,3,2,1,1600.0,2870.0,2200000.0
Oswaldo Cruz,135.0,3,4,0,1558.0,3076.0,1300000.0
Oswaldo Cruz,165.0,3,2,1,1200.0,484.0,1580000.0
Oswaldo Cruz,137.0,3,3,1,1339.0,3878.0,1650000.0
Oswaldo Cruz,137.0,3,3,0,1389.0,388.0,1190000.0
Oswaldo Cruz,160.0,3,3,1,1200.0,4500.0,1580000.0
Oswaldo Cruz,170.0,3,2,1,1650.0,4736.0,2300000.0
Oswaldo Cruz,174.0,4,4,1,1220.0,304.0,1950000.0
Oswaldo Cruz,170.0,4,3,1,1600.0,470.0,2300000.0
Oswaldo Cruz,202.0,4,2,1,1000.0,5514.0,1890000.0
Oswaldo Cruz,205.0,4,4,1,2200.0,583.0,1800000.0
Oswaldo Cruz,165.0,3,3,1,1200.0,4034.0,1580000.0
Oswaldo Cruz,135.0,3,4,1,1400.0,355.0,1830000.0
Oswaldo Cruz,202.0,4,3,1,2232.0,5083.0,1980000.0
Oswaldo Cruz,140.0,3,4,1,1350.0,310.0,1850000.0
Oswaldo Cruz,165.0,3,3,1,1200.0,450.0,1580000.0
Oswaldo Cruz,180.0,3,4,1,1807.0,4461.0,1990000.0
Oswaldo Cruz,165.0,3,4,1,1200.0,484.0,1580000.0
Oswaldo Cruz,202.0,4,4,1,2123.0,551.0,1980000.0
Oswaldo Cruz,164.0,4,4,1,1500.0,3502.0,1800000.0
Oswaldo Cruz,202.0,4,7,1,2322.0,5514.0,2400000.0
Oswaldo Cruz,202.0,4,1,1,2200.0,,1900000.0
Oswaldo Cruz,168.0,3,2,1,2027.0,2680.0,1990000.0
Oswaldo Cruz,200.0,4,3,1,2000.0,5564.0,1900000.0
Oswaldo Cruz,140.0,3,2,0,1380.0,2500.0,1120000.0
Oswaldo Cruz,165.0,3,3,1,1100.0,300.0,1580000.0
Oswaldo Cruz,168.0,3,3,1,2027.0,3460.0,1990000.0
Oswaldo Cruz,184.0,3,4,1,1400.0,3780.0,1850000.0
Oswaldo Cruz,142.0,3,2,0,1200.0,300.0,1570000.0
Oswaldo Cruz,140.0,3,3,1,2500.0,3000.0,1550000.0
Oswaldo Cruz,165.0,3,3,1,1140.0,,1580000.0
Oswaldo Cruz,200.0,3,3,1,2000.0,3990.0,2150000.0
Oswaldo Cruz,200.0,3,3,1,2300.0,5000.0,1980000.0
Oswaldo Cruz,180.0,3,2,1,1807.0,492.0,1990000.0
Oswaldo Cruz,164.0,3,3,1,1500.0,455.0,2450000.0
Oswaldo Cruz,202.0,4,1,1,2200.0,558.0,1800000.0
Oswaldo Cruz,200.0,4,4,1,1130.0,3778.0,2100000.0
Oswaldo Cruz,170.0,3,2,1,1500.0,2500.0,2200000.0
Oswaldo Cruz,202.0,4,4,1,1700.0,2300.0,1899999.0
Oswaldo Cruz,164.0,3,3,1,1600.0,4736.0,2299000.0
Oswaldo Cruz,200.0,3,4,1,2360.0,5564.0,2100000.0
Oswaldo Cruz,147.0,3,2,1,1500.0,3329.0,1498000.0
Oswaldo Cruz,140.0,3,2,1,2571.0,4466.0,1550000.0
Oswaldo Cruz,202.0,4,4,1,1746.0,383.0,2300000.0
Oswaldo Cruz,164.0,4,4,1,1300.0,,1800000.0
Oswaldo Cruz,168.0,3,3,1,1746.0,492.0,2150000.0
Oswaldo Cruz,160.0,3,3,1,1400.0,4054.0,1600000.0
Oswaldo Cruz,160.0,3,3,1,1389.0,3623.0,1600000.0
Oswaldo Cruz,165.0,3,1,1,1200.0,4034.0,1580000.0
Oswaldo Cruz,138.0,4,1,0,500.0,,1100000.0
Oswaldo Cruz,182.0,3,4,1,1870.0,5303.0,1800000.0
Oswaldo Cruz,170.0,3,3,1,2050.0,19900.0,1990000.0
Oswaldo Cruz,168.0,3,4,1,1746.0,3378.0,2150000.0
Oswaldo Cruz,202.0,4,3,1,2234.0,5500.0,1800000.0
Oswaldo Cruz,202.0,4,4,1,2305.0,551.0,2000000.0
Oswaldo Cruz,142.0,3,1,1,1180.0,6204.0,1749000.0
Oswaldo Cruz,180.0,3,4,1,1800.0,4600.0,1990000.0
Oswaldo Cruz,140.0,3,1,1,1800.0,3200.0,1600000.0
Oswaldo Cruz,147.0,3,3,1,1600.0,3003.0,2000000.0
Oswaldo Cruz,140.0,3,2,0,1300.0,,1160000.0
Oswaldo Cruz,137.0,3,2,0,1300.0,4200.0,1190000.0
Oswaldo Cruz,160.0,3,3,1,1890.0,3000.0,1600000.0
Oswaldo Cruz,147.0,3,2,1,1726.0,390.0,1500000.0
Oswaldo Cruz,160.0,3,3,1,1880.0,3300.0,1535000.0
Oswaldo Cruz,140.0,3,3,1,2500.0,4250.0,1540000.0
Oswaldo Cruz,140.0,3,3,1,2300.0,4463.0,1700000.0
Oswaldo Cruz,160.0,3,3,1,1860.0,4054.0,1535000.0
Oswaldo Cruz,145.0,2,2,2,1400.0,4122.0,2100000.0
Oswaldo Cruz,204.0,3,4,1,2008.0,,1980000.0
Oswaldo Cruz,168.0,3,3,1,619.0,4416.0,1700000.0
Oswaldo Cruz,200.0,3,2,1,2216.0,5677.0,1800000.0
Oswaldo Cruz,140.0,3,4,1,1300.0,3600.0,1850000.0
Oswaldo Cruz,180.0,3,3,1,2000.0,4100.0,1990000.0
Oswaldo Cruz,202.0,4,3,1,2322.0,572.0,2300000.0
Oswaldo Cruz,180.0,3,3,1,1300.0,,1800000.0
Oswaldo Cruz,168.0,3,2,1,2000.0,4928.0,1990000.0
Oswaldo Cruz,202.0,4,4,1,2322.0,5729.0,2300000.0
Oswaldo Cruz,168.0,3,3,1,1808.0,4480.0,1990000.0
Oswaldo Cruz,165.0,3,3,1,1128.0,2900.0,1640000.0
Oswaldo Cruz,140.0,3,3,1,2449.0,4466.0,1510000.0
Oswaldo Cruz,140.0,3,1,1,1500.0,2420.0,1980000.0
Oswaldo Cruz,147.0,3,3,1,1725.0,3760.0,1500000.0
Oswaldo Cruz,210.0,4,3,1,2350.0,4200.0,1798000.0
Oswaldo Cruz,202.0,4,3,1,2250.0,572.0,1800000.0
Oswaldo Cruz,180.0,3,2,1,1800.0,410.0,1900000.0
Oswaldo Cruz,202.0,4,2,1,1700.0,572.0,1890000.0
Oswaldo Cruz,185.0,3,3,1,2540.0,450.0,1900000.0
Oswaldo Cruz,170.0,3,3,1,1807.0,4461.0,1990000.0
Oswaldo Cruz,202.0,4,3,1,2500.0,2943.0,1800000.0
Oswaldo Cruz,200.0,3,2,1,2320.0,556.0,1900000.0
Oswaldo Cruz,185.0,3,4,1,2500.0,237.0,1800000.0
Oswaldo Cruz,200.0,3,2,1,2800.0,,1900000.0
Oswaldo Cruz,150.0,4,4,2,2800.0,530.0,2450000.0
Oswaldo Cruz,202.0,4,2,1,2622.0,512.0,1790000.0
Oswaldo Cruz,202.0,4,4,1,2322.0,4630.0,1900000.0
Oswaldo Cruz,210.0,4,4,1,2035.0,,1900000.0
Oswaldo Cruz,210.0,4,4,1,2600.0,5500.0,1890000.0
Oswaldo Cruz,205.0,4,5,1,2322.0,5500.0,2300000.0
Oswaldo Cruz,202.0,4,3,1,2322.0,3600.0,1700000.0
Oswaldo Cruz,200.0,3,3,1,2785.0,310.0,1900000.0
Oswaldo Cruz,190.0,3,2,1,1807.0,4346.0,2600000.0
Oswaldo Cruz,208.0,4,5,1,2322.0,551.0,1900000.0
Oswaldo Cruz,182.0,3,3,1,2518.0,5302.0,1800000.0
Oswaldo Cruz,182.0,3,2,1,2517.0,237.0,1800000.0
Oswaldo Cruz,182.0,3,1,1,2500.0,237.0,1800000.0
Oswaldo Cruz,210.0,4,2,1,2400.0,350.0,1800000.0
Oswaldo Cruz,200.0,3,2,1,2350.0,557.0,1980000.0
Oswaldo Cruz,200.0,3,3,1,2500.0,467.0,1900000.0
Oswaldo Cruz,202.0,4,5,1,2322.0,572.0,2400000.0
Oswaldo Cruz,200.0,3,4,1,2700.0,5000.0,1900000.0
Oswaldo Cruz,210.0,4,1,1,2323.0,465.0,2400000.0
Oswaldo Cruz,210.0,4,5,1,2323.0,551.0,2300000.0
Oswaldo Cruz,133.0,3,3,1,1829.0,4380.0,1490000.0
Oswaldo Cruz,160.0,2,3,1,1830.0,3960.0,1540000.0
Oswaldo Cruz,205.0,4,4,1,1500.0,350.0,1785000.0
Oswaldo Cruz,374.0,4,4,2,3675.0,1079.0,2700000.0
Oswaldo Cruz,220.0,3,1,1,2230.0,5000.0,1800000.0
Oswaldo Cruz,247.0,4,3,1,2000.0,6850.0,1850000.0
Oswaldo Cruz,220.0,4,4,1,1500.0,3776.0,2000000.0
Oswaldo Cruz,220.0,4,1,1,1300.0,5000.0,2100000.0
Oswaldo Cruz,220.0,3,4,1,2000.0,5769.0,1980000.0
Oswaldo Cruz,220.0,4,3,1,2220.0,,1800000.0
Oswaldo Cruz,213.0,3,3,1,2000.0,300.0,1900000.0
Oswaldo Cruz,230.0,4,4,1,2058.0,600.0,1700000.0
Oswaldo Cruz,220.0,4,4,1,1758.0,383.0,2198000.0
Oswaldo Cruz,213.0,3,3,1,2050.0,579.0,1900000.0
Oswaldo Cruz,213.0,3,3,2,2000.0,5790.0,1900000.0
Oswaldo Cruz,220.0,3,2,1,1507.0,372.0,1800000.0
Oswaldo Cruz,213.0,3,4,1,2058.0,579.0,1800000.0
Oswaldo Cruz,220.0,4,4,1,1300.0,6188.0,2090000.0
Oswaldo Cruz,245.0,4,4,1,1900.0,,2100000.0
Oswaldo Cruz,220.0,3,2,1,1800.0,372.0,1800000.0
Oswaldo Cruz,230.0,4,4,1,1130.0,,2000000.0
Oswaldo Cruz,372.0,4,3,2,3670.0,1030.0,2700000.0
Oswaldo Cruz,320.0,4,4,2,3000.0,8805.0,2650000.0
Oswaldo Cruz,375.0,4,4,2,3600.0,1079.0,2695000.0
Oswaldo Cruz,220.0,4,3,1,1800.0,631.0,2149000.0
Oswaldo Cruz,213.0,4,3,1,2058.0,579.0,1800000.0
Oswaldo Cruz,320.0,4,4,1,2400.0,8483.0,1900000.0
Oswaldo Cruz,320.0,4,4,1,1723.0,8483.0,1900000.0
Oswaldo Cruz,213.0,3,3,1,2000.0,579.0,1900000.0
Oswaldo Cruz,330.0,4,3,1,2995.0,7202.0,1895000.0
Oswaldo Cruz,260.0,4,4,1,1700.0,3500.0,1800000.0
Oswaldo Cruz,245.0,4,3,1,2080.0,4162.0,1900000.0
Oswaldo Cruz,320.0,4,2,1,2155.0,7202.0,2200000.0
Oswaldo Cruz,320.0,4,3,2,2500.0,8805.0,2500000.0
Oswaldo Cruz,320.0,4,3,1,1900.0,8000.0,2500000.0
Oswaldo Cruz,342.0,4,4,1,2500.0,9036.0,2200000.0
Oswaldo Cruz,245.0,4,4,1,2050.0,5000.0,2098000.0
Oswaldo Cruz,320.0,4,5,1,3100.0,8900.0,2650000.0
Oswaldo Cruz,220.0,4,5,1,2322.0,551.0,2000000.0
Oswaldo Cruz,213.0,3,2,1,2385.0,5359.0,1800000.0
Oswaldo Cruz,213.0,3,3,2,2050.0,601.0,1900000.0
Oswaldo Cruz,247.0,4,4,1,1700.0,6140.0,1860000.0
Oswaldo Cruz,245.0,4,5,1,2201.0,6375.0,2850000.0
Oswaldo Cruz,213.0,4,2,1,2050.0,483.0,2000000.0
Oswaldo Cruz,340.0,4,2,1,1700.0,489.0,1900000.0
Oswaldo Cruz,250.0,4,2,1,2015.0,500.0,2100000.0
Oswaldo Cruz,372.0,4,5,2,3674.0,10004.0,2700000.0
Oswaldo Cruz,342.0,3,5,1,2700.0,8126.0,2300000.0
Oswaldo Cruz,320.0,4,1,1,3100.0,8815.0,1950000.0
Oswaldo Cruz,342.0,3,6,1,2500.0,813.0,2200000.0
Oswaldo Cruz,320.0,4,1,2,2500.0,898.0,2800000.0
Oswaldo Cruz,372.0,4,3,2,3419.0,10500.0,2700000.0
Oswaldo Cruz,247.0,4,3,1,2000.0,685.0,2100000.0
Oswaldo Cruz,342.0,4,4,1,2400.0,939.0,2500000.0
Oswaldo Cruz,220.0,5,1,1,2322.0,550.0,1900000.0
Oswaldo Cruz,342.0,3,5,1,2600.0,920.0,2200000.0
Oswaldo Cruz,250.0,4,3,1,2020.0,500.0,2030000.0
Oswaldo Cruz,372.0,4,3,2,3674.0,10758.0,2700000.0
Oswaldo Cruz,220.0,4,2,1,569.0,4427.0,2300000.0
Oswaldo Cruz,360.0,4,3,1,2500.0,850.0,2650000.0
Oswaldo Cruz,320.0,4,4,1,2400.0,700.0,1900000.0
Oswaldo Cruz,342.0,4,1,1,2870.0,930.0,2350000.0
Oswaldo Cruz,340.0,3,3,1,2840.0,753.0,2160000.0
Oswaldo Cruz,320.0,4,1,2,2466.0,7563.0,2700000.0
Oswaldo Cruz,372.0,4,2,2,3748.0,10310.0,2698000.0
Oswaldo Cruz,342.0,4,6,1,2500.0,900.0,2300000.0
Oswaldo Cruz,320.0,4,3,1,2600.0,788.0,2400000.0
Oswaldo Cruz,400.0,4,3,1,1100.0,700.0,1900000.0
Oswaldo Cruz,380.0,4,4,2,3670.0,1054.0,2700000.0
Oswaldo Cruz,342.0,3,3,1,2600.0,9390.0,2300000.0
Oswaldo Cruz,380.0,4,3,2,3500.0,750.0,2700000.0
Oswaldo Cruz,320.0,4,2,1,2700.0,7617.0,1899000.0
Oswaldo Cruz,342.0,3,3,1,2600.0,9300.0,2500000.0
Oswaldo Cruz,320.0,4,2,1,6000.0,700.0,2600000.0
Oswaldo Cruz,320.0,4,4,1,2995.0,720.0,2199000.0
Oswaldo Cruz,372.0,3,4,3,3674.0,10750.0,2700000.0
Oswaldo Cruz,352.0,4,4,1,3600.0,900.0,2400000.0
Princesa Januaria,104.0,3,1,0,1117.0,2098.0,790000.0
Princesa Januaria,156.0,3,3,1,1800.0,4365.0,1490000.0
Princesa Januaria,160.0,3,3,1,1450.0,3600.0,1490000.0
Princesa Januaria,160.0,3,2,1,1450.0,360.0,1490000.0
Princesa Januaria,156.0,3,3,1,1800.0,4268.0,1490000.0
Princesa Januaria,110.0,3,1,0,1000.0,2200.0,784000.0
Princesa Januaria,160.0,3,3,1,426.0,1800.0,1490000.0
Princesa Januaria,156.0,3,2,1,1800.0,436.0,1490000.0
Princesa Januaria,156.0,3,2,1,1800.0,4268.0,1490000.0
Princesa Januaria,160.0,3,4,1,2000.0,2000.0,1680000.0
Princesa Januaria,160.0,3,3,1,1800.0,4268.0,1490000.0
Princesa Januaria,150.0,3,4,1,1800.0,426.0,1490000.0
Princesa Januaria,165.0,3,1,1,2100.0,270.0,1490000.0
Princesa Januaria,156.0,3,2,1,2352.0,4268.0,1490000.0
Princesa Januaria,160.0,3,3,1,1800.0,2000.0,1490000.0
Princesa Januaria,150.0,3,3,1,1800.0,4800.0,1240000.0
Rui Barbosa,104.0,2,2,0,845.0,3537.0,850000.0
Rui Barbosa,110.0,3,3,1,900.0,200.0,1250000.0
Rui Barbosa,116.0,2,2,1,900.0,325.0,950000.0
Rui Barbosa,115.0,2,1,1,770.0,400.0,820000.0
Rui Barbosa,95.0,3,3,0,800.0,2851.0,900000.0
Rui Barbosa,100.0,3,2,1,830.0,1500.0,760000.0
Rui Barbosa,149.0,3,5,2,1600.0,2500.0,2900000.0
Rui Barbosa,107.0,3,1,0,831.0,340.0,990000.0
Rui Barbosa,104.0,3,1,0,640.0,3152.0,850000.0
Rui Barbosa,98.0,2,2,0,813.0,303.0,1200000.0
Rui Barbosa,98.0,2,2,0,813.0,303.0,1150000.0
Rui Barbosa,105.0,3,2,0,813.0,3700.0,970000.0
Rui Barbosa,104.0,2,1,0,800.0,3835.0,850000.0
Rui Barbosa,104.0,2,3,0,820.0,331.0,850000.0
Rui Barbosa,97.0,2,3,1,900.0,100.0,950000.0
Rui Barbosa,97.0,2,2,1,1000.0,180.0,950000.0
Rui Barbosa,110.0,4,3,0,850.0,350.0,1090000.0
Rui Barbosa,98.0,3,2,1,1221.0,378.0,900000.0
Rui Barbosa,164.0,3,4,1,1694.0,6308.0,2200000.0
Rui Barbosa,148.0,3,5,2,1700.0,,2899000.0
Rui Barbosa,185.0,3,4,0,900.0,,1490000.0
Rui Barbosa,100.0,3,3,1,1000.0,1800.0,950000.0
Rui Barbosa,171.0,4,4,1,1150.0,4190.0,1800000.0
Rui Barbosa,97.0,3,3,1,770.0,1700.0,1400000.0
Rui Barbosa,128.0,2,3,1,1301.0,5384.0,2000000.0
Rui Barbosa,183.0,3,3,0,1800.0,6250.0,1110000.0
Rui Barbosa,190.0,4,2,1,1200.0,6000.0,2250000.0
Rui Barbosa,104.0,2,3,0,850.0,3835.0,1090000.0
Rui Barbosa,160.0,3,3,0,2000.0,,1740000.0
Rui Barbosa,100.0,3,1,1,1000.0,3400.0,950000.0
Rui Barbosa,175.0,3,2,1,1500.0,6200.0,1650000.0
Rui Barbosa,115.0,3,2,1,968.0,436.0,950000.0
Rui Barbosa,104.0,3,1,0,600.0,2530.0,890000.0
Rui Barbosa,119.0,2,2,1,2208.0,358.0,1750000.0
Rui Barbosa,182.0,3,5,0,1500.0,6388.0,1900000.0
Rui Barbosa,183.0,3,3,0,1751.0,5989.0,1280000.0
Rui Barbosa,183.0,3,4,0,1200.0,3300.0,1095000.0
Rui Barbosa,135.0,2,2,2,1000.0,4613.0,2149000.0
Rui Barbosa,147.0,3,4,2,1567.0,10.0,2889999.0
Rui Barbosa,190.0,3,3,1,2354.0,6898.0,2200000.0
Rui Barbosa,173.0,4,3,0,1619.0,5883.0,1500000.0
Rui Barbosa,173.0,3,3,1,1250.0,609.0,1500000.0
Rui Barbosa,95.0,3,4,0,997.0,2229.0,900000.0
Rui Barbosa,115.0,3,2,1,820.0,3464.0,950000.0
Rui Barbosa,120.0,2,4,2,1245.0,,1900000.0
Rui Barbosa,98.0,3,3,1,1000.0,1932.0,1300000.0
Rui Barbosa,150.0,2,3,2,1500.0,580.0,1790000.0
Rui Barbosa,173.0,3,1,0,1462.0,511.0,1650000.0
Rui Barbosa,140.0,2,4,1,1420.0,,2000000.0
Rui Barbosa,90.0,3,2,1,900.0,,800000.0
Rui Barbosa,183.0,3,3,0,1783.0,6204.0,1200000.0
Rui Barbosa,171.0,3,3,0,1100.0,4750.0,1600000.0
Rui Barbosa,140.0,3,1,1,1583.0,473.0,1500000.0
Rui Barbosa,104.0,2,2,0,600.0,2536.0,1200000.0
Rui Barbosa,173.0,4,3,0,1500.0,6093.0,1650000.0
Rui Barbosa,119.0,2,2,1,2800.0,4047.0,1350000.0
Rui Barbosa,180.0,4,2,0,958.0,566.0,1500000.0
Rui Barbosa,183.0,3,3,0,1750.0,5957.0,2000000.0
Rui Barbosa,97.0,2,2,1,600.0,1912.0,1200000.0
Rui Barbosa,149.0,3,4,2,4000.0,700.0,2900000.0
Rui Barbosa,150.0,3,3,2,2500.0,,2900000.0
Rui Barbosa,183.0,3,3,0,1751.0,6420.0,1169999.0
Rui Barbosa,173.0,3,3,0,1575.0,5682.0,1550000.0
Rui Barbosa,180.0,3,3,1,1700.0,4860.0,2800000.0
Rui Barbosa,190.0,4,2,1,1800.0,7073.0,2100000.0
Rui Barbosa,149.0,3,5,2,1800.0,2000.0,2471480.0
Rui Barbosa,155.0,3,5,2,1710.0,4186.0,2513302.0
Rui Barbosa,154.0,3,5,2,1600.0,2000.0,2427070.0
Rui Barbosa,107.0,3,2,1,950.0,150.0,793376.0
Rui Barbosa,180.0,4,3,0,958.0,560.0,1500000.0
Rui Barbosa,150.0,3,3,1,500.0,500.0,2400000.0
Rui Barbosa,148.0,3,4,2,1200.0,,2899000.0
Rui Barbosa,240.0,4,4,1,2000.0,7850.0,1900000.0
Rui Barbosa,250.0,3,3,0,1823.0,8500.0,2100000.0
Rui Barbosa,240.0,4,4,1,2000.0,7850.0,1780000.0
Rui Barbosa,235.0,3,4,1,2100.0,7691.0,2990000.0
Rui Barbosa,240.0,3,3,0,1600.0,7010.0,1600000.0
Rui Barbosa,213.0,4,3,1,2050.0,696.0,2250000.0
Rui Barbosa,260.0,3,1,0,2100.0,8440.0,2800000.0
Rui Barbosa,235.0,3,2,1,2100.0,812.0,2990000.0
Rui Barbosa,245.0,3,4,0,2000.0,1800.0,2400000.0
Rui Barbosa,300.0,4,3,1,2000.0,,2750000.0
Rui Barbosa,230.0,4,2,0,1500.0,850.0,2799000.0
Rui Barbosa,213.0,4,4,0,1300.0,6971.0,1680000.0
Rui Barbosa,230.0,4,3,1,2300.0,7600.0,2600000.0
Rui Barbosa,264.0,3,4,2,2214.0,9965.0,2400000.0
Rui Barbosa,210.0,4,3,0,1690.0,740.0,1680000.0
Rui Barbosa,241.0,4,6,1,2000.0,5651.0,2380000.0
Rui Barbosa,286.0,4,5,1,2200.0,1017.0,2900000.0
Rui Barbosa,240.0,3,1,0,2000.0,8610.0,1600000.0
Rui Barbosa,230.0,4,4,1,2300.0,700.0,2650000.0
Rui Barbosa,230.0,3,3,0,1530.0,8270.0,2800000.0
Rui Barbosa,240.0,3,4,1,2223.0,8286.0,1800000.0
Rui Barbosa,235.0,4,3,1,2100.0,8440.0,2990000.0
Rui Barbosa,220.0,2,2,1,2060.0,300.0,2450000.0
Rui Barbosa,230.0,4,2,1,1787.0,6726.0,2600000.0
Rui Barbosa,191.0,4,5,1,1846.0,6932.0,2100000.0
Rui Barbosa,210.0,3,3,1,2254.0,752.0,2200000.0
Rui Barbosa,210.0,3,4,1,2200.0,752.0,2200000.0
Rui Barbosa,240.0,3,4,1,2216.0,829.0,1800000.0
Rui Barbosa,191.0,4,3,1,1846.0,6932.0,2100000.0
Rui Barbosa,227.0,3,3,0,1600.0,4800.0,1800000.0
Rui Barbosa,245.0,3,1,0,2000.0,8000.0,2527000.0
Rui Barbosa,240.0,3,3,1,2223.0,8286.0,1800000.0
Rui Barbosa,210.0,3,3,1,2200.0,750.0,2200000.0
Rui Barbosa,250.0,3,4,1,2082.0,8610.0,2750000.0
Rui Barbosa,213.0,4,3,0,1693.0,7402.0,1680000.0
Rui Barbosa,203.0,3,2,1,2250.0,752.0,2200000.0
Rui Barbosa,240.0,3,4,1,2400.0,9500.0,1800000.0
Rui Barbosa,250.0,3,3,0,1730.0,8613.0,2200000.0
Rui Barbosa,240.0,3,4,0,2000.0,9.0,2200000.0
Rui Barbosa,235.0,3,4,1,2100.0,8122.0,2990000.0
Rui Barbosa,286.0,4,3,1,2200.0,1017.0,2900000.0
Rui Barbosa,264.0,3,4,2,1950.0,977.0,2400000.0
Rui Barbosa,264.0,3,3,2,1950.0,977.0,2500000.0
Rui Barbosa,208.0,4,5,1,2270.0,752.0,2900000.0
Rui Barbosa,213.0,4,3,0,1800.0,770.0,1680000.0
Rui Barbosa,235.0,3,2,1,2000.0,8440.0,2990000.0
Rui Barbosa,215.0,4,4,1,1999.0,6960.0,2250000.0
Rui Barbosa,268.0,4,4,2,1600.0,9744.0,2730000.0
Rui Barbosa,250.0,3,4,0,1502.0,688.0,2000000.0
Rui Barbosa,210.0,3,3,1,2100.0,6995.0,2200000.0
Rui Barbosa,220.0,3,3,2,2000.0,6000.0,2300000.0
Rui Barbosa,191.0,4,4,1,2200.0,584.0,2100000.0
Rui Barbosa,208.0,3,2,1,2253.0,752.0,2200000.0
Rui Barbosa,250.0,3,3,0,1780.0,8500.0,2100000.0
Rui Barbosa,208.0,3,3,1,2130.0,707.0,2250000.0
Rui Barbosa,220.0,4,2,1,2213.0,792.0,2100000.0
Rui Barbosa,245.0,4,4,0,1998.0,,2200000.0
Rui Barbosa,213.0,4,3,1,2000.0,,2250000.0
Rui Barbosa,285.0,4,4,1,1700.0,979.0,2990000.0
Rui Barbosa,282.0,4,3,1,3293.0,10038.0,2650000.0
Rui Barbosa,240.0,3,3,1,3087.0,7850.0,2350000.0
Rui Barbosa,245.0,4,3,0,1990.0,,2300000.0
Rui Barbosa,280.0,4,4,1,1200.0,8000.0,2490000.0
Rui Barbosa,240.0,3,3,0,1800.0,700.0,1599000.0
Rui Barbosa,240.0,3,2,1,1600.0,610.0,2800000.0
Rui Barbosa,210.0,3,4,1,1580.0,7520.0,2200000.0
Rui Barbosa,240.0,4,3,1,2318.0,6545.0,2600000.0
Rui Barbosa,245.0,3,4,0,2000.0,800.0,2400000.0
Rui Barbosa,191.0,4,3,1,2537.0,6932.0,2150000.0
Rui Barbosa,282.0,4,2,1,2472.0,1004.0,2650000.0
Rui Barbosa,268.0,4,3,1,1950.0,9553.0,2700000.0
Rui Barbosa,225.0,3,1,1,1200.0,,2750000.0
Rui Barbosa,213.0,4,4,1,2052.0,670.0,2245900.0
Rui Barbosa,229.0,3,1,0,1590.0,7900.0,2300000.0
Rui Barbosa,240.0,3,3,1,3200.0,8300.0,2350000.0
Rui Barbosa,229.0,4,2,1,2500.0,900.0,2650000.0
Rui Barbosa,285.0,4,3,2,1980.0,,2650000.0
Rui Barbosa,286.0,4,2,1,1700.0,6592.0,2750000.0
Rui Barbosa,230.0,4,1,1,2074.0,670.0,2250000.0
Rui Barbosa,213.0,4,2,1,2078.0,696.0,2250000.0
Rui Barbosa,230.0,4,4,1,2700.0,,2650000.0
Rui Barbosa,286.0,4,4,1,2300.0,6186.0,2750000.0
Rui Barbosa,264.0,3,2,2,2214.0,977.0,2400000.0
Rui Barbosa,286.0,2,2,1,2700.0,9396.0,2990000.0
Rui Barbosa,253.0,4,4,1,1230.0,7379.0,2950000.0
Rui Barbosa,210.0,3,4,1,1985.0,610.0,2199000.0
Rui Barbosa,260.0,3,2,0,1746.0,5500.0,1900000.0
Rui Barbosa,250.0,4,6,1,1900.0,8000.0,2979000.0
Rui Barbosa,240.0,4,3,1,2600.0,8007.0,2600000.0
Rui Barbosa,268.0,4,2,1,1300.0,7745.0,2500000.0
Rui Barbosa,240.0,3,1,1,3087.0,7885.0,2350000.0
Rui Barbosa,268.0,4,3,1,1600.0,9300.0,2800000.0
Rui Barbosa,286.0,3,4,1,1800.0,,2750000.0
Rui Barbosa,280.0,4,3,2,2610.0,10542.0,2450000.0
Rui Barbosa,227.0,3,6,1,2613.0,6731.0,2900000.0
Rui Barbosa,268.0,4,3,1,1000.0,9553.0,2490000.0
Rui Barbosa,253.0,3,3,1,2597.0,7379.0,2950000.0
Rui Barbosa,286.0,4,4,1,2600.0,9300.0,2870000.0
Rui Barbosa,286.0,4,3,0,2487.0,630.0,2100000.0
Rui Barbosa,230.0,4,4,1,2400.0,7900.0,2650000.0
Rui Barbosa,265.0,3,3,1,1600.0,,2700000.0
Rui Barbosa,264.0,3,3,2,1950.0,977.0,2400000.0
Rui Barbosa,280.0,3,4,1,2000.0,,2600000.0
Rui Barbosa,285.0,4,3,1,1500.0,,2850000.0
Rui Barbosa,208.0,3,4,1,2270.0,752.0,2900000.0
Rui Barbosa,264.0,4,2,2,3000.0,1100.0,2600000.0
Rui Barbosa,265.0,4,4,1,1600.0,10000.0,2600000.0
Rui Barbosa,290.0,4,4,1,1764.0,,2750000.0
Rui Barbosa,284.0,3,3,0,2630.0,,2500000.0
Rui Barbosa,282.0,4,3,1,2463.0,,2650000.0
Rui Barbosa,230.0,4,3,0,1500.0,1700.0,1500000.0
Rui Barbosa,525.0,4,4,2,4400.0,1785.0,2500000.0
Rui Barbosa,525.0,4,4,2,4400.0,16959.0,2900000.0
Rui Barbosa,320.0,4,3,1,2000.0,8328.0,2750000.0
Rui Barbosa,450.0,4,8,3,3792.0,,2990000.0
Rui Barbosa,350.0,4,1,2,1600.0,1.0,2782500.0
Rui Barbosa,525.0,4,5,2,4400.0,17771.0,2500000.0
Rui Barbosa,525.0,4,2,2,4400.0,17600.0,2500000.0
Rui Barbosa,525.0,4,1,2,4400.0,17771.0,2950000.0
Rui Barbosa,525.0,4,1,1,4405.0,14554.0,2500000.0
Rui Barbosa,450.0,4,5,1,2800.0,650.0,2990000.0
Rui Barbosa,500.0,4,5,2,4400.0,1790.0,2900000.0
Rui Barbosa,525.0,5,5,2,4400.0,18302.0,2500000.0
Rui Barbosa,427.0,2,3,1,5000.0,48000.0,1500000.0
Rui Barbosa,525.0,4,4,2,4400.0,17610.0,2500000.0
Rui Barbosa,525.0,4,5,2,4400.0,1695.0,2800000.0
Rui Barbosa,525.0,4,3,2,4400.0,1695.0,2500000.0
Rui Barbosa,525.0,4,3,2,4400.0,1830.0,2500000.0
Rui Barbosa,525.0,5,6,2,4400.0,17771.0,2500000.0
Senador Euzebio,155.0,3,3,0,1200.0,3450.0,1050000.0
Senador Euzebio,210.0,4,3,1,2000.0,460.0,2300000.0
Senador Euzebio,134.0,3,2,1,1246.0,280.0,1080000.0
Senador Euzebio,180.0,3,3,1,1800.0,,1375000.0
Senador Euzebio,80.0,2,2,0,650.0,133.0,700000.0
Senador Euzebio,160.0,3,3,1,1550.0,350.0,1780000.0
Senador Euzebio,50.0,1,2,1,784.0,1800.0,715000.0
Senador Euzebio,65.0,1,2,0,667.0,1500.0,600000.0
Senador Euzebio,125.0,3,3,1,1490.0,258.0,1249000.0
Senador Euzebio,167.0,3,2,1,1500.0,390.0,995000.0
Senador Euzebio,66.0,1,2,0,700.0,1632.0,600000.0
Senador Euzebio,150.0,3,2,1,900.0,,1700000.0
Senador Euzebio,134.0,3,2,1,1198.0,2832.0,1080000.0
Senador Euzebio,155.0,3,3,1,1570.0,337.0,1830000.0
Senador Euzebio,90.0,2,2,0,523.0,1500.0,920000.0
Senador Euzebio,190.0,3,3,2,1900.0,,1750000.0
Senador Euzebio,180.0,3,5,2,2200.0,,1780000.0
Senador Euzebio,134.0,3,2,0,1198.0,243.0,1100000.0
Senador Euzebio,134.0,3,2,0,1189.0,2650.0,1080000.0
Senador Euzebio,180.0,3,2,1,1780.0,,1500000.0
Senador Euzebio,176.0,3,4,2,2171.0,537.0,1800000.0
Senador Euzebio,130.0,3,3,1,1500.0,280.0,1245000.0
Senador Euzebio,160.0,3,3,1,1538.0,,1730000.0
Senador Euzebio,134.0,2,1,0,1246.0,288.0,1100000.0
Senador Euzebio,94.0,3,1,1,1200.0,1840.0,850000.0
Senador Euzebio,134.0,2,2,0,1189.0,2652.0,1100000.0
Senador Euzebio,167.0,3,2,1,1200.0,4190.0,1000000.0
Senador Euzebio,86.0,2,1,1,1350.0,,700000.0
Senador Euzebio,155.0,3,2,0,1490.0,3165.0,1100000.0
Senador Euzebio,94.0,3,2,1,1400.0,1900.0,860000.0
Senador Euzebio,176.0,3,3,2,2170.0,536.0,1750000.0
Senador Euzebio,155.0,3,3,1,1570.0,337.0,1800000.0
Senador Euzebio,134.0,3,1,0,1346.0,2882.0,1080000.0
Senador Euzebio,176.0,2,4,2,2500.0,5367.0,1800000.0
Senador Euzebio,137.0,3,2,1,1450.0,216.0,1800000.0
Senador Euzebio,155.0,3,3,1,1800.0,3775.0,1800000.0
Senador Euzebio,175.0,3,3,3,2000.0,4350.0,1750000.0
Senador Euzebio,167.0,3,3,1,1800.0,3744.0,995000.0
Senador Euzebio,170.0,3,2,0,1352.0,3900.0,1200000.0
Senador Euzebio,94.0,3,1,1,1473.0,4500.0,1250000.0
Senador Euzebio,176.0,3,4,2,2500.0,,2200000.0
Senador Euzebio,80.0,2,3,0,523.0,1500.0,920000.0
Senador Euzebio,176.0,3,4,1,2600.0,4000.0,2700000.0
Senador Euzebio,147.0,2,3,1,1734.0,2500.0,1600000.0
Senador Euzebio,55.0,1,2,1,1300.0,1200.0,850000.0
Senador Euzebio,96.0,3,3,1,1400.0,200.0,935000.0
Senador Euzebio,176.0,3,2,2,2200.0,3400.0,1995000.0
Senador Euzebio,96.0,3,3,1,1450.0,2200.0,1060000.0
Senador Euzebio,176.0,3,4,2,2750.0,5498.0,1750000.0
Senador Euzebio,176.0,3,4,2,2680.0,4936.0,2850000.0
Senador Euzebio,180.0,3,4,2,2600.0,5300.0,1750000.0
Senador Euzebio,230.0,3,3,2,2500.0,4670.0,2710000.0
Senador Euzebio,139.0,3,3,0,1700.0,2714.0,1600000.0
Senador Euzebio,200.0,3,2,0,1800.0,2400.0,1899994.0
Senador Euzebio,180.0,3,2,2,2700.0,550.0,1730000.0
Senador Euzebio,180.0,3,2,1,2500.0,,2200000.0
Senador Euzebio,190.0,3,2,1,2500.0,550.0,2700000.0
Senador Euzebio,155.0,2,3,1,1800.0,4008.0,1800000.0
Senador Euzebio,174.0,3,3,1,450.0,2500.0,2200000.0
Senador Vergueiro,67.0,2,1,0,817.0,154.0,600000.0
Senador Vergueiro,30.0,1,1,0,417.0,250.0,450000.0
Senador Vergueiro,60.0,2,2,0,600.0,1280.0,575000.0
Senador Vergueiro,53.0,1,2,0,417.0,103.0,560000.0
Senador Vergueiro,45.0,1,1,0,518.0,99.0,550000.0
Senador Vergueiro,50.0,1,2,0,635.0,1071.0,550000.0
Senador Vergueiro,62.0,2,1,0,700.0,1500.0,550000.0
Senador Vergueiro,65.0,2,2,1,800.0,1400.0,680000.0
Senador Vergueiro,45.0,1,1,0,500.0,1000.0,400000.0
Senador Vergueiro,75.0,2,2,0,800.0,1000.0,630000.0
Senador Vergueiro,75.0,2,2,1,517.0,52.0,695000.0
Senador Vergueiro,65.0,2,3,1,800.0,1400.0,680000.0
Senador Vergueiro,65.0,1,2,0,600.0,1690.0,600000.0
Senador Vergueiro,70.0,2,1,1,612.0,,698000.0
Senador Vergueiro,29.0,1,1,0,434.0,,350000.0
Senador Vergueiro,75.0,1,2,0,883.0,1550.0,620000.0
Senador Vergueiro,72.0,2,2,0,800.0,1000.0,598000.0
Senador Vergueiro,70.0,2,1,0,700.0,120.0,514000.0
Senador Vergueiro,41.0,1,2,0,440.0,752.0,650000.0
Senador Vergueiro,75.0,2,2,0,850.0,,550000.0
Senador Vergueiro,72.0,2,2,1,700.0,1866.0,760000.0
Senador Vergueiro,68.0,2,2,1,800.0,1842.0,870000.0
Senador Vergueiro,60.0,2,2,0,490.0,114.0,850000.0
Senador Vergueiro,70.0,2,2,0,700.0,,880000.0
Senador Vergueiro,65.0,3,2,1,716.0,1890.0,877000.0
Senador Vergueiro,24.0,1,1,0,415.0,30.0,320000.0
Senador Vergueiro,40.0,1,2,0,460.0,1500.0,379000.0
Senador Vergueiro,73.0,2,2,0,682.0,1650.0,900000.0
Senador Vergueiro,50.0,1,1,0,420.0,333.0,650000.0
Senador Vergueiro,55.0,2,1,0,750.0,74.0,630000.0
Senador Vergueiro,55.0,1,1,0,550.0,62.0,660000.0
Senador Vergueiro,42.0,1,1,0,467.0,795.0,420000.0
Senador Vergueiro,70.0,2,2,0,882.0,158.0,610000.0
Senador Vergueiro,74.0,2,2,1,820.0,1500.0,820000.0
Senador Vergueiro,28.0,1,1,0,380.0,670.0,390000.0
Senador Vergueiro,67.0,2,2,0,816.0,1536.0,600000.0
Senador Vergueiro,75.0,2,2,0,800.0,1080.0,880000.0
Senador Vergueiro,68.0,2,2,0,800.0,1842.0,870000.0
Senador Vergueiro,38.0,1,1,0,453.0,757.0,440000.0
Senador Vergueiro,50.0,1,1,0,560.0,744.0,660000.0
Senador Vergueiro,52.0,1,2,0,690.0,1109.0,560000.0
Senador Vergueiro,45.0,1,1,1,497.0,79.0,580000.0
Senador Vergueiro,66.0,2,2,0,560.0,,600000.0
Senador Vergueiro,62.0,2,2,1,650.0,1119.0,735000.0
Senador Vergueiro,55.0,2,1,1,850.0,119.0,650000.0
Senador Vergueiro,62.0,2,2,0,1300.0,152.0,550000.0
Senador Vergueiro,50.0,1,1,0,480.0,208.0,385000.0
Senador Vergueiro,65.0,1,2,0,500.0,1630.0,750000.0
Senador Vergueiro,70.0,2,2,1,723.0,1190.0,760000.0
Senador Vergueiro,52.0,1,2,0,692.0,1031.0,550000.0
Senador Vergueiro,39.0,1,1,1,497.0,765.0,560000.0
Senador Vergueiro,72.0,2,4,0,580.0,,780000.0
Senador Vergueiro,72.0,2,2,0,750.0,155.0,720000.0
Senador Vergueiro,40.0,1,2,0,490.0,,420000.0
Senador Vergueiro,75.0,2,2,0,650.0,1780.0,760000.0
Senador Vergueiro,40.0,1,1,0,500.0,60.0,500000.0
Senador Vergueiro,25.0,1,1,0,430.0,302.0,310000.0
Senador Vergueiro,68.0,2,2,0,817.0,,600000.0
Senador Vergueiro,45.0,1,1,0,500.0,757.0,550000.0
Senador Vergueiro,40.0,1,1,0,500.0,700.0,405000.0
Senador Vergueiro,40.0,1,1,1,497.0,792.0,580000.0
Senador Vergueiro,38.0,1,1,0,400.0,242.0,520000.0
Senador Vergueiro,62.0,2,2,0,780.0,2720.0,706000.0
Senador Vergueiro,30.0,1,1,0,498.0,537.0,460000.0
Senador Vergueiro,64.0,2,1,1,865.0,162.0,865000.0
Senador Vergueiro,75.0,2,1,1,750.0,81.0,810000.0
Senador Vergueiro,32.0,1,1,0,215.0,708.0,375000.0
Senador Vergueiro,65.0,2,3,1,800.0,1400.0,704000.0
Senador Vergueiro,35.0,1,1,0,450.0,40.0,630000.0
Senador Vergueiro,30.0,1,1,0,500.0,400.0,380000.0
Senador Vergueiro,66.0,2,2,1,1129.0,1623.0,800000.0
Senador Vergueiro,23.0,1,1,0,380.0,302.0,320000.0
Senador Vergueiro,14.0,1,1,0,330.0,284.0,329000.0
Senador Vergueiro,72.0,2,2,0,700.0,800.0,354000.0
Senador Vergueiro,73.0,3,1,1,720.0,1657.0,1100000.0
Senador Vergueiro,28.0,1,1,0,432.0,,300000.0
Senador Vergueiro,30.0,1,1,0,417.0,25.0,450000.0
Senador Vergueiro,70.0,2,1,0,1300.0,1516.0,550000.0
Senador Vergueiro,45.0,1,1,0,520.0,996.0,550000.0
Senador Vergueiro,62.0,2,1,0,1300.0,,550000.0
Senador Vergueiro,38.0,1,2,0,500.0,757.0,550000.0
Senador Vergueiro,24.0,1,1,0,500.0,302.0,329000.0
Senador Vergueiro,38.0,1,2,0,466.0,757.0,550000.0
Senador Vergueiro,70.0,2,1,1,1000.0,1620.0,800000.0
Senador Vergueiro,32.0,1,1,0,300.0,536.0,390000.0
Senador Vergueiro,60.0,2,1,1,800.0,123.0,1499000.0
Senador Vergueiro,66.0,2,1,1,610.0,970.0,880000.0
Senador Vergueiro,65.0,2,2,0,550.0,1218.0,580000.0
Senador Vergueiro,30.0,1,1,0,350.0,242.0,450000.0
Senador Vergueiro,75.0,2,1,0,1200.0,124.0,760000.0
Senador Vergueiro,38.0,1,1,0,240.0,309.0,580000.0
Senador Vergueiro,73.0,2,2,1,890.0,162.0,825000.0
Senador Vergueiro,66.0,2,2,1,700.0,1842.0,875000.0
Senador Vergueiro,39.0,1,1,1,490.0,765.0,580000.0
Senador Vergueiro,40.0,1,1,1,500.0,790.0,580000.0
Senador Vergueiro,66.0,2,3,1,680.0,892.0,820000.0
Senador Vergueiro,40.0,1,1,1,500.0,792.0,580000.0
Senador Vergueiro,28.0,1,1,0,410.0,300.0,380000.0
Senador Vergueiro,66.0,2,2,1,770.0,1623.0,830000.0
Senador Vergueiro,75.0,3,2,0,1200.0,1802.0,780000.0
Senador Vergueiro,24.0,1,1,0,310.0,302.0,330000.0
Senador Vergueiro,70.0,2,2,1,720.0,1650.0,820000.0
Senador Vergueiro,36.0,1,1,0,208.0,498.0,355000.0
Senador Vergueiro,46.0,1,2,0,420.0,540.0,650000.0
Senador Vergueiro,40.0,1,1,1,497.0,765.0,580000.0
Senador Vergueiro,24.0,1,1,0,450.0,469.0,320000.0
Senador Vergueiro,38.0,1,1,0,208.0,708.0,380000.0
Senador Vergueiro,33.0,2,1,0,500.0,600.0,580000.0
Senador Vergueiro,22.0,1,1,0,462.0,30.0,350000.0
Senador Vergueiro,42.0,1,1,0,430.0,734.0,630000.0
Senador Vergueiro,22.0,1,1,0,500.0,302.0,320000.0
Senador Vergueiro,31.0,1,1,0,300.0,242.0,370000.0
Senador Vergueiro,30.0,1,1,0,500.0,71.0,460000.0
Senador Vergueiro,39.0,1,1,1,497.0,765.0,580000.0
Senador Vergueiro,29.0,1,1,0,350.0,326.0,399000.0
Senador Vergueiro,39.0,1,1,0,448.0,712.0,525000.0
Senador Vergueiro,24.0,1,1,0,448.0,,330000.0
Senador Vergueiro,32.0,1,1,0,208.0,70.0,375000.0
Senador Vergueiro,39.0,1,1,0,448.0,712.0,535000.0
Senador Vergueiro,30.0,1,1,0,540.0,683.0,450000.0
Senador Vergueiro,38.0,3,2,0,1828.0,3630.0,1900000.0
Senador Vergueiro,27.0,1,1,0,340.0,130.0,255000.0
Senador Vergueiro,72.0,2,1,0,750.0,1860.0,750000.0
Senador Vergueiro,62.0,2,1,0,700.0,,550000.0
Senador Vergueiro,93.0,2,3,1,800.0,,925000.0
Senador Vergueiro,91.0,3,3,0,1135.0,,700000.0
Senador Vergueiro,87.0,2,1,0,704.0,,750000.0
Senador Vergueiro,90.0,2,3,0,810.0,224.0,700000.0
Senador Vergueiro,95.0,3,2,0,800.0,3000.0,780000.0
Senador Vergueiro,86.0,2,2,0,791.0,1397.0,580000.0
Senador Vergueiro,78.0,2,2,0,850.0,130.0,600000.0
Senador Vergueiro,85.0,2,2,0,850.0,184.0,600000.0
Senador Vergueiro,93.0,3,2,0,1112.0,218.0,850000.0
Senador Vergueiro,89.0,3,2,0,1112.0,2250.0,1050000.0
Senador Vergueiro,78.0,2,2,1,600.0,,750000.0
Senador Vergueiro,87.0,2,2,0,800.0,1200.0,830000.0
Senador Vergueiro,86.0,2,2,0,880.0,184.0,600000.0
Senador Vergueiro,85.0,2,2,0,798.0,220.0,690000.0
Senador Vergueiro,80.0,2,2,0,770.0,120.0,515000.0
Senador Vergueiro,86.0,2,2,0,700.0,1845.0,600000.0
Senador Vergueiro,95.0,3,3,0,1091.0,225.0,1050000.0
Senador Vergueiro,95.0,3,3,1,850.0,1640.0,835000.0
Senador Vergueiro,86.0,2,2,0,800.0,1500.0,730000.0
Senador Vergueiro,81.0,2,2,0,800.0,2200.0,685000.0
Senador Vergueiro,85.0,3,2,0,800.0,160.0,680000.0
Senador Vergueiro,85.0,2,2,0,703.0,2000.0,800000.0
Senador Vergueiro,80.0,2,1,0,600.0,880.0,750000.0
Senador Vergueiro,95.0,3,1,0,850.0,2323.0,770000.0
Senador Vergueiro,80.0,2,2,0,600.0,1251.0,820000.0
Senador Vergueiro,92.0,2,2,1,1050.0,273.0,1100000.0
Senador Vergueiro,92.0,2,3,1,1050.0,2278.0,1200000.0
Senador Vergueiro,81.0,2,1,0,705.0,,880000.0
Senador Vergueiro,89.0,3,2,0,760.0,225.0,1050000.0
Senador Vergueiro,80.0,2,2,1,700.0,228.0,870000.0
Senador Vergueiro,82.0,2,2,0,780.0,1282.0,900000.0
Senador Vergueiro,85.0,2,2,0,740.0,1300.0,830000.0
Senador Vergueiro,79.0,2,1,1,700.0,1400.0,790000.0
Senador Vergueiro,85.0,3,2,0,800.0,1600.0,690000.0
Senador Vergueiro,80.0,2,2,0,720.0,1300.0,525000.0
Senador Vergueiro,95.0,3,3,1,900.0,1525.0,840000.0
Senador Vergueiro,78.0,2,2,1,680.0,1600.0,750000.0
Senador Vergueiro,86.0,2,2,0,800.0,1600.0,700000.0
Senador Vergueiro,95.0,3,2,0,850.0,2323.0,770000.0
Senador Vergueiro,85.0,2,2,0,700.0,1740.0,690000.0
Senador Vergueiro,80.0,2,2,0,660.0,,840000.0
Senador Vergueiro,90.0,3,2,1,750.0,,780000.0
Senador Vergueiro,84.0,3,1,1,850.0,215.0,750000.0
Senador Vergueiro,85.0,2,1,0,680.0,163.0,890000.0
Senador Vergueiro,95.0,3,2,0,1000.0,1220.0,820000.0
Senador Vergueiro,86.0,2,2,0,800.0,1845.0,600000.0
Senador Vergueiro,95.0,3,2,1,845.0,117.0,750000.0
Senador Vergueiro,87.0,2,2,0,640.0,1564.0,790000.0
Senador Vergueiro,81.0,2,1,0,705.0,1764.0,880000.0
Senador Vergueiro,85.0,2,2,0,780.0,2092.0,800000.0
Senador Vergueiro,95.0,3,3,1,1200.0,2102.0,839900.0
Senador Vergueiro,95.0,3,2,1,1100.0,1640.0,830000.0
Senador Vergueiro,85.0,2,2,0,703.0,2000.0,780000.0
Senador Vergueiro,80.0,2,2,0,693.0,1115.0,680000.0
Senador Vergueiro,89.0,3,4,0,760.0,2255.0,1050000.0
Senador Vergueiro,81.0,2,1,0,770.0,210.0,850000.0
Senador Vergueiro,78.0,2,2,0,664.0,1112.0,830000.0
Senador Vergueiro,86.0,2,2,0,800.0,1845.0,640000.0
Senador Vergueiro,90.0,2,3,0,649.0,210.0,650000.0
Senador Vergueiro,93.0,2,1,0,830.0,4510.0,850000.0
Senador Vergueiro,86.0,3,3,0,1235.0,1344.0,780000.0
Senador Vergueiro,78.0,2,1,1,807.0,1740.0,780000.0
Senador Vergueiro,89.0,3,3,0,1040.0,2255.0,1050000.0
Senador Vergueiro,95.0,2,3,1,1200.0,2636.0,1300000.0
Senador Vergueiro,93.0,2,1,0,750.0,150.0,700000.0
Senador Vergueiro,76.0,2,3,0,800.0,1235.0,950000.0
Senador Vergueiro,93.0,2,2,0,1120.0,79.0,950000.0
Senador Vergueiro,84.0,3,2,1,630.0,1614.0,780000.0
Senador Vergueiro,85.0,3,3,1,680.0,1200.0,1150000.0
Senador Vergueiro,95.0,3,1,0,1200.0,210.0,780000.0
Senador Vergueiro,81.0,3,2,0,800.0,2200.0,720000.0
Senador Vergueiro,85.0,2,1,0,640.0,103.0,870000.0
Senador Vergueiro,80.0,3,3,1,1050.0,223.0,1200000.0
Senador Vergueiro,81.0,2,1,0,720.0,103.0,780000.0
Senador Vergueiro,83.0,2,2,0,750.0,,845000.0
Senador Vergueiro,91.0,3,2,0,1136.0,2032.0,700000.0
Senador Vergueiro,95.0,3,2,1,450.0,1525.0,850000.0
Senador Vergueiro,95.0,3,3,1,1250.0,2000.0,840000.0
Senador Vergueiro,84.0,3,1,1,700.0,220.0,780000.0
Senador Vergueiro,95.0,3,1,0,1350.0,2184.0,780000.0
Senador Vergueiro,95.0,3,2,1,1400.0,1525.0,850000.0
Senador Vergueiro,95.0,3,1,1,1100.0,2184.0,840000.0
Senador Vergueiro,85.0,3,2,1,630.0,1614.0,790000.0
Senador Vergueiro,95.0,2,3,1,1230.0,2636.0,1150000.0
Senador Vergueiro,93.0,2,2,0,639.0,1564.0,780000.0
Senador Vergueiro,85.0,2,2,0,580.0,810.0,870000.0
Senador Vergueiro,90.0,2,2,0,845.0,122.0,790000.0
Senador Vergueiro,90.0,3,2,1,700.0,1200.0,780000.0
Senador Vergueiro,91.0,3,2,0,950.0,,750000.0
Senador Vergueiro,93.0,2,2,0,890.0,1120.0,780000.0
Senador Vergueiro,90.0,3,2,0,802.0,1600.0,680000.0
Senador Vergueiro,80.0,2,3,2,1000.0,2176.0,1200000.0
Senador Vergueiro,90.0,3,2,1,750.0,207.0,750000.0
Senador Vergueiro,95.0,2,3,1,1207.0,2636.0,1300000.0
Senador Vergueiro,80.0,2,2,0,740.0,162.0,850000.0
Senador Vergueiro,86.0,3,3,0,1235.0,1845.0,790000.0
Senador Vergueiro,89.0,3,2,0,760.0,2250.0,1050000.0
Senador Vergueiro,90.0,3,1,0,1165.0,,915000.0
Senador Vergueiro,80.0,2,2,0,704.0,1748.0,740000.0
Senador Vergueiro,95.0,3,2,1,1399.0,1525.0,1050000.0
Senador Vergueiro,83.0,3,4,1,700.0,1200.0,1100000.0
Senador Vergueiro,90.0,3,2,1,1000.0,1645.0,950000.0
Senador Vergueiro,87.0,2,2,0,890.0,1744.0,800000.0
Senador Vergueiro,92.0,2,1,1,1060.0,2038.0,1199000.0
Senador Vergueiro,92.0,3,1,0,605.0,1200.0,980000.0
Senador Vergueiro,90.0,3,2,1,1200.0,2014.0,890000.0
Senador Vergueiro,81.0,2,2,0,714.0,1316.0,880000.0
Senador Vergueiro,95.0,2,3,1,1500.0,2142.0,1150000.0
Senador Vergueiro,91.0,3,2,0,1135.0,2032.0,800000.0
Senador Vergueiro,78.0,3,2,1,680.0,1400.0,1049000.0
Senador Vergueiro,90.0,3,2,1,700.0,2200.0,780000.0
Senador Vergueiro,85.0,2,2,1,960.0,,820000.0
Senador Vergueiro,80.0,2,2,0,660.0,1715.0,830000.0
Senador Vergueiro,95.0,3,2,0,1200.0,2102.0,860000.0
Senador Vergueiro,79.0,2,1,0,661.0,2052.0,750000.0
Senador Vergueiro,76.0,2,2,0,700.0,913.0,940000.0
Senador Vergueiro,94.0,3,1,0,1035.0,104.0,980000.0
Senador Vergueiro,90.0,3,3,0,1165.0,1809.0,899000.0
Senador Vergueiro,80.0,2,3,1,1050.0,1981.0,1350000.0
Senador Vergueiro,79.0,2,1,1,883.0,173.0,770000.0
Senador Vergueiro,95.0,3,3,0,1320.0,2102.0,1200000.0
Senador Vergueiro,85.0,3,2,1,719.0,120.0,1100000.0
Senador Vergueiro,95.0,3,3,0,1100.0,2184.0,900000.0
Senador Vergueiro,89.0,2,3,1,1250.0,3000.0,1400000.0
Senador Vergueiro,88.0,2,3,1,1250.0,3100.0,1490000.0
Senador Vergueiro,95.0,3,1,1,1450.0,152.0,840000.0
Senador Vergueiro,88.0,2,3,1,1100.0,3000.0,1390000.0
Senador Vergueiro,95.0,3,1,1,1378.0,1220.0,835000.0
Senador Vergueiro,90.0,2,2,0,1000.0,215.0,718000.0
Senador Vergueiro,89.0,2,3,1,1260.0,3100.0,1450000.0
Senador Vergueiro,80.0,3,1,1,750.0,1200.0,1160000.0
Senador Vergueiro,95.0,4,2,0,1041.0,1736.0,1200000.0
Senador Vergueiro,95.0,3,2,0,1350.0,175.0,800000.0
Senador Vergueiro,80.0,2,1,1,1200.0,600.0,945000.0
Senador Vergueiro,88.0,2,3,1,1300.0,3200.0,1590000.0
Senador Vergueiro,95.0,3,1,0,1200.0,218.0,780000.0
Senador Vergueiro,89.0,2,3,1,1400.0,4422.0,1300000.0
Senador Vergueiro,88.0,2,3,1,1200.0,3000.0,1490000.0
Senador Vergueiro,95.0,3,3,0,1500.0,2184.0,820000.0
Senador Vergueiro,81.0,2,2,0,750.0,,880000.0
Senador Vergueiro,93.0,3,2,0,750.0,1100.0,720000.0
Senador Vergueiro,130.0,3,3,1,1000.0,246.0,1300000.0
Senador Vergueiro,97.0,2,1,0,850.0,180.0,780000.0
Senador Vergueiro,105.0,3,2,0,720.0,188.0,740000.0
Senador Vergueiro,106.0,3,1,0,802.0,158.0,860000.0
Senador Vergueiro,97.0,3,2,0,650.0,1386.0,798000.0
Senador Vergueiro,98.0,2,3,0,712.0,,690000.0
Senador Vergueiro,96.0,2,3,1,1200.0,1997.0,1150000.0
Senador Vergueiro,100.0,3,3,1,1115.0,210.0,950000.0
Senador Vergueiro,106.0,3,1,0,1050.0,2502.0,850000.0
Senador Vergueiro,98.0,2,3,0,850.0,1560.0,700000.0
Senador Vergueiro,120.0,3,3,1,1250.0,2916.0,1274000.0
Senador Vergueiro,107.0,3,2,0,1300.0,2403.0,930000.0
Senador Vergueiro,107.0,3,3,1,1306.0,2620.0,1200000.0
Senador Vergueiro,139.0,2,3,0,1487.0,2875.0,1000000.0
Senador Vergueiro,100.0,2,3,0,1029.0,247.0,740000.0
Senador Vergueiro,105.0,3,3,1,1050.0,135.0,1000000.0
Senador Vergueiro,144.0,4,3,0,1410.0,,950000.0
Senador Vergueiro,98.0,2,3,0,810.0,2239.0,700000.0
Senador Vergueiro,124.0,3,2,2,1978.0,3524.0,1450000.0
Senador Vergueiro,98.0,3,3,0,1038.0,250.0,860000.0
Senador Vergueiro,98.0,3,3,0,1038.0,260.0,890000.0
Senador Vergueiro,150.0,3,3,1,1400.0,267.0,1599000.0
Senador Vergueiro,120.0,3,3,1,1300.0,2509.0,1275000.0
Senador Vergueiro,101.0,3,2,1,990.0,2384.0,847000.0
Senador Vergueiro,97.0,3,3,1,865.0,158.0,1180000.0
Senador Vergueiro,145.0,3,3,1,1528.0,2690.0,1600000.0
Senador Vergueiro,98.0,3,3,1,1116.0,1850.0,950000.0
Senador Vergueiro,100.0,3,1,0,799.0,1700.0,940000.0
Senador Vergueiro,98.0,3,2,1,1116.0,1169.0,950000.0
Senador Vergueiro,145.0,3,3,1,1500.0,289.0,1600000.0
Senador Vergueiro,135.0,3,2,1,1465.0,317.0,1300000.0
Senador Vergueiro,98.0,3,2,0,1200.0,2346.0,885000.0
Senador Vergueiro,139.0,3,3,0,1400.0,2987.0,925000.0
Senador Vergueiro,103.0,3,1,0,700.0,1882.0,800000.0
Senador Vergueiro,100.0,3,1,0,850.0,2000.0,770000.0
Senador Vergueiro,98.0,3,3,1,1116.0,2437.0,950000.0
Senador Vergueiro,140.0,3,3,1,1450.0,2945.0,1600000.0
Senador Vergueiro,100.0,3,2,0,760.0,2255.0,1095000.0
Senador Vergueiro,140.0,2,2,0,1400.0,2400.0,950000.0
Senador Vergueiro,116.0,3,2,0,1046.0,2509.0,869999.0
Senador Vergueiro,140.0,3,2,1,1400.0,317.0,1600000.0
Senador Vergueiro,150.0,4,3,1,2060.0,,2500000.0
Senador Vergueiro,100.0,3,2,0,650.0,1800.0,760000.0
Senador Vergueiro,100.0,1,3,0,875.0,2750.0,1100000.0
Senador Vergueiro,98.0,3,3,0,1038.0,2437.0,880000.0
Senador Vergueiro,98.0,3,3,0,1038.0,243.0,890000.0
Senador Vergueiro,140.0,3,3,1,1200.0,2945.0,1600000.0
Senador Vergueiro,98.0,3,3,0,1038.0,2210.0,895000.0
Senador Vergueiro,140.0,3,3,1,1500.0,3606.0,1600000.0
Senador Vergueiro,110.0,2,3,1,1200.0,3286.0,1100000.0
Senador Vergueiro,114.0,3,2,0,900.0,1800.0,750000.0
Senador Vergueiro,101.0,3,1,1,1021.0,2384.0,850000.0
Senador Vergueiro,98.0,3,1,0,1038.0,1989.0,890000.0
Senador Vergueiro,110.0,3,2,0,1200.0,,780000.0
Senador Vergueiro,98.0,3,2,1,1350.0,2100.0,800000.0
Senador Vergueiro,145.0,4,3,1,1210.0,250.0,1300000.0
Senador Vergueiro,101.0,3,2,1,1207.0,195.0,850000.0
Senador Vergueiro,110.0,3,2,0,900.0,2000.0,843000.0
Senador Vergueiro,107.0,3,3,0,1300.0,2521.0,1100000.0
Senador Vergueiro,110.0,2,3,1,1385.0,,1100000.0
Senador Vergueiro,140.0,3,2,1,1300.0,3291.0,1600000.0
Senador Vergueiro,105.0,3,2,1,900.0,,850000.0
Senador Vergueiro,100.0,3,2,1,650.0,1200.0,830000.0
Senador Vergueiro,97.0,3,3,0,950.0,1834.0,780000.0
Senador Vergueiro,97.0,3,4,0,736.0,1300.0,950000.0
Senador Vergueiro,101.0,3,2,1,900.0,2384.0,850000.0
Senador Vergueiro,107.0,3,3,1,1273.0,2521.0,1200000.0
Senador Vergueiro,130.0,3,1,1,1550.0,3342.0,1390000.0
Senador Vergueiro,104.0,3,1,0,900.0,1200.0,890000.0
Senador Vergueiro,120.0,3,3,0,1200.0,2100.0,1100000.0
Senador Vergueiro,98.0,3,3,0,980.0,145.0,710000.0
Senador Vergueiro,98.0,2,3,0,1038.0,200.0,890000.0
Senador Vergueiro,107.0,3,1,0,1200.0,2403.0,930000.0
Senador Vergueiro,110.0,3,2,0,1300.0,1200.0,820000.0
Senador Vergueiro,126.0,3,4,2,1700.0,100.0,1650000.0
Senador Vergueiro,150.0,4,2,1,1200.0,3830.0,1800000.0
Senador Vergueiro,145.0,3,3,1,1550.0,3000.0,1600000.0
Senador Vergueiro,134.0,3,3,1,1446.0,4510.0,1350000.0
Senador Vergueiro,103.0,3,1,1,845.0,1800.0,580000.0
Senador Vergueiro,130.0,2,3,0,1300.0,,960000.0
Senador Vergueiro,98.0,3,3,0,1038.0,2437.0,885000.0
Senador Vergueiro,140.0,3,1,1,1650.0,2640.0,1600000.0
Senador Vergueiro,115.0,3,3,1,1400.0,2453.0,1080000.0
Senador Vergueiro,146.0,4,3,1,1500.0,2000.0,1480000.0
Senador Vergueiro,116.0,3,2,0,780.0,180.0,930000.0
Senador Vergueiro,98.0,3,3,0,1038.0,1989.0,890000.0
Senador Vergueiro,130.0,3,3,0,1400.0,1700.0,950000.0
Senador Vergueiro,116.0,3,4,0,950.0,2249.0,940000.0
Senador Vergueiro,100.0,3,3,0,1038.0,1900.0,880000.0
Senador Vergueiro,110.0,3,2,1,900.0,2300.0,850000.0
Senador Vergueiro,97.0,3,1,1,1000.0,1600.0,1180000.0
Senador Vergueiro,145.0,4,2,1,1500.0,3097.0,1480000.0
Senador Vergueiro,140.0,3,2,1,1320.0,2455.0,1600000.0
Senador Vergueiro,110.0,3,2,0,1300.0,166.0,790000.0
Senador Vergueiro,97.0,3,3,1,1076.0,2044.0,1100000.0
Senador Vergueiro,130.0,3,2,1,1100.0,3800.0,950000.0
Senador Vergueiro,117.0,2,3,1,1300.0,2000.0,1200000.0
Senador Vergueiro,103.0,3,2,0,860.0,1837.0,650000.0
Senador Vergueiro,120.0,3,3,0,1200.0,2094.0,1100000.0
Senador Vergueiro,124.0,2,3,2,1800.0,,1580000.0
Senador Vergueiro,140.0,3,2,1,1500.0,4000.0,1600000.0
Senador Vergueiro,97.0,3,3,1,1190.0,2085.0,1100000.0
Senador Vergueiro,97.0,3,2,0,874.0,2326.0,798000.0
Senador Vergueiro,100.0,3,3,0,1070.0,1300.0,947000.0
Senador Vergueiro,110.0,2,4,1,1200.0,3286.0,1100000.0
Senador Vergueiro,124.0,2,3,2,1901.0,397.0,1450000.0
Senador Vergueiro,134.0,3,3,1,1400.0,4510.0,1350000.0
Senador Vergueiro,98.0,3,3,0,1038.0,2437.0,890000.0
Senador Vergueiro,101.0,3,2,1,1100.0,,1450000.0
Senador Vergueiro,150.0,2,3,1,1280.0,1780.0,1450000.0
Senador Vergueiro,120.0,3,2,0,1000.0,1888.0,800000.0
Senador Vergueiro,97.0,3,1,1,1179.0,251.0,1050000.0
Senador Vergueiro,107.0,3,3,1,1300.0,2521.0,1100000.0
Senador Vergueiro,120.0,2,3,1,1309.0,2509.0,1300000.0
Senador Vergueiro,140.0,3,1,1,1650.0,317.0,1600000.0
Senador Vergueiro,97.0,3,1,0,900.0,1200000.0,800000.0
Senador Vergueiro,131.0,3,3,1,1972.0,2990.0,1340000.0
Senador Vergueiro,115.0,3,1,1,1437.0,2101.0,1200000.0
Senador Vergueiro,100.0,3,2,1,900.0,1200.0,980000.0
Senador Vergueiro,110.0,3,1,0,1900.0,,780000.0
Senador Vergueiro,127.0,3,2,0,1200.0,124.0,1200000.0
Senador Vergueiro,101.0,3,1,1,990.0,2200.0,849000.0
Senador Vergueiro,150.0,4,3,1,2061.0,3189.0,2300000.0
Senador Vergueiro,150.0,4,2,0,1800.0,2637.0,1880000.0
Senador Vergueiro,98.0,3,3,1,1850.0,2437.0,950000.0
Senador Vergueiro,150.0,3,3,0,1450.0,3189.0,1980000.0
Senador Vergueiro,115.0,3,2,0,764.0,1766.0,895000.0
Senador Vergueiro,150.0,4,2,1,1800.0,3189.0,2500000.0
Senador Vergueiro,110.0,4,1,0,1235.0,350.0,980000.0
Senador Vergueiro,101.0,3,1,1,1007.0,238.0,850000.0
Senador Vergueiro,145.0,3,4,1,1500.0,2200.0,1600000.0
Senador Vergueiro,150.0,4,2,1,1200.0,3831.0,1800000.0
Senador Vergueiro,100.0,3,4,0,1038.0,2400.0,890000.0
Senador Vergueiro,140.0,3,1,1,1890.0,330.0,1600000.0
Senador Vergueiro,105.0,3,2,1,1000.0,2384.0,850000.0
Senador Vergueiro,120.0,3,2,0,1180.0,1200.0,1100000.0
Senador Vergueiro,218.0,3,4,1,1800.0,480.0,1870000.0
Senador Vergueiro,230.0,4,3,1,1800.0,3068.0,2300000.0
Senador Vergueiro,220.0,4,2,0,1740.0,3068.0,1880000.0
Senador Vergueiro,200.0,4,2,1,1100.0,3200.0,1350000.0
Senador Vergueiro,220.0,4,3,2,1700.0,,1900000.0
Senador Vergueiro,190.0,4,2,1,1800.0,3800.0,1800000.0
Senador Vergueiro,218.0,3,1,1,1800.0,478.0,1870000.0
Senador Vergueiro,180.0,4,3,1,2000.0,4400.0,1490000.0
Senador Vergueiro,198.0,4,4,1,1550.0,4729.0,2000000.0
Senador Vergueiro,230.0,4,7,1,1400.0,270.0,1783000.0
Senador Vergueiro,220.0,4,2,1,1560.0,4362.0,2400000.0
Senador Vergueiro,190.0,4,4,1,850.0,,1680000.0
Senador Vergueiro,218.0,4,3,1,1500.0,4690.0,1900000.0
Senador Vergueiro,160.0,4,2,1,1600.0,2648.0,840000.0
Senador Vergueiro,160.0,3,2,1,1230.0,245.0,1350000.0
Senador Vergueiro,160.0,4,5,1,1701.0,3890.0,1980000.0
Senador Vergueiro,171.0,3,2,1,2090.0,,1490000.0
Senador Vergueiro,153.0,4,3,0,1600.0,3899.0,840000.0
Senador Vergueiro,218.0,4,1,1,2018.0,487.0,1900000.0
Senador Vergueiro,220.0,4,3,0,1800.0,310.0,1880000.0
Senador Vergueiro,220.0,4,3,0,1900.0,4000.0,1878000.0
Senador Vergueiro,155.0,4,3,1,1185.0,382.0,1800000.0
Senador Vergueiro,213.0,4,4,1,1500.0,5000.0,1800000.0
Senador Vergueiro,220.0,4,3,1,1500.0,500.0,1800000.0
Senador Vergueiro,180.0,4,2,1,850.0,255.0,1400000.0
Senador Vergueiro,167.0,4,2,1,1200.0,3247.0,1380000.0
Senador Vergueiro,205.0,4,4,1,2181.0,4624.0,2500000.0
Senador Vergueiro,163.0,4,3,1,1000.0,2300.0,1450000.0
Senador Vergueiro,230.0,4,2,1,1800.0,2741.0,2300000.0
Senador Vergueiro,190.0,4,3,1,850.0,2350.0,1650000.0
Senador Vergueiro,218.0,4,3,1,1655.0,4690.0,2230000.0
Senador Vergueiro,165.0,2,3,1,1590.0,1456.0,1450000.0
Senador Vergueiro,183.0,3,1,1,1823.0,4006.0,1950000.0
Senador Vergueiro,263.0,4,5,1,1500.0,4500.0,1850000.0
Senador Vergueiro,190.0,4,3,1,900.0,,1680000.0
Senador Vergueiro,220.0,3,4,1,1556.0,,2250000.0
Senador Vergueiro,183.0,4,3,0,1200.0,2626.0,1650000.0
Senador Vergueiro,167.0,4,3,0,850.0,2395.0,1680000.0
Senador Vergueiro,157.0,3,5,1,1450.0,3136.0,2350000.0
Senador Vergueiro,218.0,4,4,1,1550.0,3870.0,2240000.0
Senador Vergueiro,220.0,4,2,0,2088.0,318.0,1880000.0
Senador Vergueiro,152.0,3,2,0,985.0,,1100000.0
Senador Vergueiro,217.0,4,4,1,1650.0,4000.0,2250000.0
Senador Vergueiro,218.0,3,2,1,2000.0,487.0,2250000.0
Senador Vergueiro,185.0,4,5,0,1700.0,4446.0,1700000.0
Senador Vergueiro,183.0,4,3,1,1800.0,,1800000.0
Senador Vergueiro,171.0,4,4,1,1750.0,2400.0,1490000.0
Senador Vergueiro,171.0,4,3,1,1800.0,,1490000.0
Senador Vergueiro,183.0,4,3,1,1960.0,4406.0,1800000.0
Senador Vergueiro,167.0,4,3,1,1050.0,3247.0,1500000.0
Senador Vergueiro,178.0,4,2,1,1100.0,340.0,1680000.0
Senador Vergueiro,200.0,4,4,1,1500.0,400.0,1900000.0
Senador Vergueiro,170.0,3,2,1,1380.0,4260.0,1500000.0
Senador Vergueiro,190.0,4,1,1,1000.0,2322.0,1500000.0
Senador Vergueiro,191.0,3,2,0,1200.0,3000.0,1450000.0
Senador Vergueiro,260.0,4,3,1,1800.0,,2200000.0
Senador Vergueiro,263.0,4,4,1,1655.0,6130.0,2500000.0
Senador Vergueiro,180.0,4,2,0,2079.0,2966.0,1880000.0
Senador Vergueiro,218.0,4,3,1,1700.0,600.0,1900000.0
Senador Vergueiro,180.0,4,3,0,800.0,1800.0,1679000.0
Senador Vergueiro,263.0,4,1,1,1655.0,6139.0,2300000.0
Senador Vergueiro,170.0,4,3,1,1500.0,3247.0,1490000.0
Senador Vergueiro,185.0,4,4,0,1560.0,4015.0,1700000.0
Senador Vergueiro,220.0,4,2,1,1740.0,3800.0,1880000.0
Senador Vergueiro,155.0,3,3,1,1500.0,289.0,1630000.0
Senador Vergueiro,167.0,4,3,0,1200.0,3247.0,1500000.0
Senador Vergueiro,152.0,3,2,0,1200.0,3730.0,1100000.0
Senador Vergueiro,218.0,4,4,1,1536.0,3500.0,1900000.0
Senador Vergueiro,263.0,4,4,1,1380.0,,1850000.0
Senador Vergueiro,263.0,4,4,1,1655.0,6139.0,2300000.0
Senador Vergueiro,157.0,3,4,1,1500.0,3839.0,2380000.0
Senador Vergueiro,205.0,4,1,1,2151.0,507.0,2100000.0
Senador Vergueiro,220.0,3,4,1,1655.0,4400.0,1900000.0
Senador Vergueiro,263.0,4,3,1,1480.0,3798.0,2200000.0
Senador Vergueiro,167.0,4,2,0,1000.0,3247.0,1680000.0
Senador Vergueiro,190.0,4,3,1,1000.0,2300.0,1650000.0
Senador Vergueiro,245.0,4,3,0,2400.0,4781.0,1890000.0
Senador Vergueiro,179.0,4,3,0,1100.0,3400.0,1500000.0
Senador Vergueiro,171.0,4,3,1,1800.0,3398.0,1490000.0
Senador Vergueiro,300.0,4,4,2,3000.0,900.0,1890000.0
Senador Vergueiro,218.0,4,3,1,1828.0,4425.0,2200000.0
Senador Vergueiro,205.0,4,3,1,2151.0,4650.0,2500000.0
Senador Vergueiro,198.0,4,3,1,1600.0,491.0,1800000.0
Senador Vergueiro,169.0,2,3,1,1800.0,3200.0,1500000.0
Senador Vergueiro,190.0,4,2,1,2055.0,1800.0,1800000.0
Senador Vergueiro,270.0,4,4,1,1600.0,500.0,2300000.0
Senador Vergueiro,260.0,4,4,1,1655.0,455.0,2500000.0
Senador Vergueiro,263.0,4,5,1,1622.0,123.0,2300000.0
Senador Vergueiro,189.0,4,3,1,1779.0,4403.0,1800000.0
Senador Vergueiro,167.0,4,1,0,850.0,2350.0,1490000.0
Senador Vergueiro,330.0,4,6,2,3000.0,6450.0,2350000.0
Senador Vergueiro,300.0,4,5,1,3500.0,750.0,2800000.0
Senador Vergueiro,220.0,4,3,0,1800.0,3068.0,1880000.0
Senador Vergueiro,187.0,3,1,1,1800.0,4866.0,2150000.0
Senador Vergueiro,171.0,3,4,1,1780.0,2700.0,1488000.0
Senador Vergueiro,385.0,5,3,1,3600.0,708.0,2500000.0
Senador Vergueiro,300.0,5,4,2,3100.0,500.0,2798000.0
Senador Vergueiro,245.0,4,3,1,2570.0,5975.0,1890000.0
Senador Vergueiro,300.0,4,4,2,2890.0,7594.0,2600000.0
Senador Vergueiro,300.0,4,4,2,2850.0,6450.0,2700000.0
Senador Vergueiro,190.0,4,2,0,1100.0,3400.0,1680000.0
Senador Vergueiro,300.0,4,4,2,3100.0,7755.0,2800000.0
Senador Vergueiro,218.0,3,4,1,1557.0,3869.0,2239000.0
Senador Vergueiro,300.0,3,2,2,2500.0,6116.0,1890000.0
Senador Vergueiro,300.0,4,4,2,2750.0,3500.0,2200000.0
Senador Vergueiro,300.0,4,1,1,2890.0,7755.0,2700000.0
Senador Vergueiro,300.0,4,2,2,3100.0,7755.0,2800000.0
Senador Vergueiro,280.0,4,4,2,2750.0,6500.0,1890000.0
Senador Vergueiro,180.0,4,3,0,1800.0,3068.0,1880000.0
Senador Vergueiro,300.0,4,3,2,2890.0,7755.0,2800000.0
Senador Vergueiro,300.0,4,2,2,3620.0,650.0,1890000.0
Senador Vergueiro,300.0,4,2,2,2750.0,775.0,1900000.0
Senador Vergueiro,300.0,4,4,2,2700.0,,1900000.0
Senador Vergueiro,245.0,4,1,1,2424.0,4781.0,1800000.0
Senador Vergueiro,300.0,4,2,2,3500.0,8000.0,2800000.0
Senador Vergueiro,300.0,4,3,2,2750.0,6533.0,1887000.0
Senador Vergueiro,385.0,5,2,1,3600.0,7875.0,2500000.0
Senador Vergueiro,300.0,3,1,1,2900.0,7755.0,2700000.0
Senador Vergueiro,385.0,5,4,1,3750.0,8356.0,2400000.0
Senador Vergueiro,300.0,4,3,2,3130.0,776.0,2800000.0
Senador Vergueiro,385.0,5,3,1,3680.0,8787.0,2450000.0
Senador Vergueiro,385.0,5,3,1,3680.0,878.0,2500000.0
Senador Vergueiro,198.0,4,4,1,1600.0,491.0,1800000.0
Senador Vergueiro,160.0,3,3,1,1500.0,3840.0,2030000.0
Senador Vergueiro,220.0,4,3,1,1555.0,46440.0,2240000.0
